S.No.,indicator code,Indicators,sub indicators,NFHS-5 (2019-20),Unnamed: 5,Unnamed: 6,NFHS-4 2015-16,STATE/UT
101.0,101.0,Blood Sugar Level among Adults (age 15 years and above) - Women,Blood sugar level - high or very high (>140 mg/dl) or taking medicine to control blood sugar level (%) - Women,19.6,16.2,17.5,na,Andaman & Nicobar Islands
104.0,104.0,Blood Sugar Level among Adults (age 15 years and above) - Men,Blood sugar level - high or very high (>140 mg/dl) or taking medicine to control blood sugar level (%) - Men,19.4,17.1,17.9,na,Andaman & Nicobar Islands
107.0,107.0,Hypertension among Adults (age 15 years and above) - Women,Elevated blood pressure (Systolic ≥140 mm of Hg and/or Diastolic ≥90 mm of Hg) or taking medicine to control blood pressure (%) - Women,23.4,26.4,25.3,na,Andaman & Nicobar Islands
110.0,110.0,Hypertension among Adults (age 15 years and above) - Men,Elevated blood pressure (Systolic ≥140 mm of Hg and/or Diastolic ≥90 mm of Hg) or taking medicine to control blood pressure (%) - Men,28.2,31.2,30.2,na,Andaman & Nicobar Islands
125.0,125.0,Gender Based Violence (age 18-49 years),Ever-married women age 18-49 years who have ever experienced spousal violence (%),23.2,13.2,17.2,18.4,Andaman & Nicobar Islands
126.0,126.0,Gender Based Violence (age 18-49 years),Ever-married women age 18-49 years who have experienced physical violence during any pregnancy (%),(0.0),0.5,0.3,3.2,Andaman & Nicobar Islands
127.0,127.0,Gender Based Violence (age 18-49 years),Young women age 18-29 years who experienced sexual violence by age (%),1.4,2.2,1.8,2.9,Andaman & Nicobar Islands
128.0,128.0,Tobacco Use and Alcohol Consumption among Adults (age 15 years and above),Women age 15 years and above who use any kind of tobacco (%),15.0,41.1,31.3,na,Andaman & Nicobar Islands
129.0,129.0,Tobacco Use and Alcohol Consumption among Adults (age 15 years and above),Men age 15 years and above who use any kind of tobacco (%),44.7,66.4,58.7,na,Andaman & Nicobar Islands
130.0,130.0,Tobacco Use and Alcohol Consumption among Adults (age 15 years and above),Women age 15 years and above who consume alcohol (%),0.7,7.6,5.0,na,Andaman & Nicobar Islands
131.0,131.0,Tobacco Use and Alcohol Consumption among Adults (age 15 years and above),Men age 15 years and above who consume alcohol (%),33.8,41.9,39.1,na,Andaman & Nicobar Islands
232.0,101.0,Blood Sugar Level among Adults (age 15 years and above) - Women,Blood sugar level - high or very high (>140 mg/dl) or taking medicine to control blood sugar level (%) - Women,23.2,17.9,19.5,na,Andhra Pradesh
235.0,104.0,Blood Sugar Level among Adults (age 15 years and above) - Men,Blood sugar level - high or very high (>140 mg/dl) or taking medicine to control blood sugar level (%) - Men,24.9,20.5,21.8,na,Andhra Pradesh
238.0,107.0,Hypertension among Adults (age 15 years and above) - Women,Elevated blood pressure (Systolic ≥140 mm of Hg and/or Diastolic ≥90 mm of Hg) or taking medicine to control blood pressure (%) - Women,27.5,24.3,25.3,na,Andhra Pradesh
241.0,110.0,Hypertension among Adults (age 15 years and above) - Men,Elevated blood pressure (Systolic ≥140 mm of Hg and/or Diastolic ≥90 mm of Hg) or taking medicine to control blood pressure (%) - Men,32.2,27.6,29.0,na,Andhra Pradesh
256.0,125.0,Gender Based Violence (age 18-49 years),Ever-married women age 18-49 years who have ever experienced spousal violence (%),28.8,30.5,30.0,43.4,Andhra Pradesh
257.0,126.0,Gender Based Violence (age 18-49 years),Ever-married women age 18-49 years who have experienced physical violence during any pregnancy (%),3.5,3.9,3.8,4.9,Andhra Pradesh
258.0,127.0,Gender Based Violence (age 18-49 years),Young women age 18-29 years who experienced sexual violence by age (%),3.8,3.7,3.7,6.8,Andhra Pradesh
259.0,128.0,Tobacco Use and Alcohol Consumption among Adults (age 15 years and above),Women age 15 years and above who use any kind of tobacco (%),1.9,4.7,3.8,na,Andhra Pradesh
260.0,129.0,Tobacco Use and Alcohol Consumption among Adults (age 15 years and above),Men age 15 years and above who use any kind of tobacco (%),15.8,25.6,22.6,na,Andhra Pradesh
261.0,130.0,Tobacco Use and Alcohol Consumption among Adults (age 15 years and above),Women age 15 years and above who consume alcohol (%),0.3,0.6,0.5,na,Andhra Pradesh
262.0,131.0,Tobacco Use and Alcohol Consumption among Adults (age 15 years and above),Men age 15 years and above who consume alcohol (%),20.5,24.5,23.3,na,Andhra Pradesh
363.0,101.0,Blood Sugar Level among Adults (age 15 years and above) - Women,Blood sugar level - high or very high (>140 mg/dl) or taking medicine to control blood sugar level (%) - Women,16.6,12.1,12.8,na,Assam
366.0,104.0,Blood Sugar Level among Adults (age 15 years and above) - Men,Blood sugar level - high or very high (>140 mg/dl) or taking medicine to control blood sugar level (%) - Men,20.4,15.2,16.0,na,Assam
369.0,107.0,Hypertension among Adults (age 15 years and above) - Women,Elevated blood pressure (Systolic ≥140 mm of Hg and/or Diastolic ≥90 mm of Hg) or taking medicine to control blood pressure (%) - Women,22.5,18.5,19.1,na,Assam
372.0,110.0,Hypertension among Adults (age 15 years and above) - Men,Elevated blood pressure (Systolic ≥140 mm of Hg and/or Diastolic ≥90 mm of Hg) or taking medicine to control blood pressure (%) - Men,23.8,19.6,20.3,na,Assam
387.0,125.0,Gender Based Violence (age 18-49 years),Ever-married women age 18-49 years who have ever experienced spousal violence (%),26.6,32.9,32.0,24.5,Assam
388.0,126.0,Gender Based Violence (age 18-49 years),Ever-married women age 18-49 years who have experienced physical violence during any pregnancy (%),2.2,2.3,2.3,2.0,Assam
389.0,127.0,Gender Based Violence (age 18-49 years),Young women age 18-29 years who experienced sexual violence by age (%),7.4,8.1,8.0,5.8,Assam
390.0,128.0,Tobacco Use and Alcohol Consumption among Adults (age 15 years and above),Women age 15 years and above who use any kind of tobacco (%),16.2,23.2,22.1,na,Assam
391.0,129.0,Tobacco Use and Alcohol Consumption among Adults (age 15 years and above),Men age 15 years and above who use any kind of tobacco (%),43.9,53.3,51.8,na,Assam
392.0,130.0,Tobacco Use and Alcohol Consumption among Adults (age 15 years and above),Women age 15 years and above who consume alcohol (%),2.6,8.2,7.3,na,Assam
393.0,131.0,Tobacco Use and Alcohol Consumption among Adults (age 15 years and above),Men age 15 years and above who consume alcohol (%),21.3,25.9,25.1,na,Assam
494.0,101.0,Blood Sugar Level among Adults (age 15 years and above) - Women,Blood sugar level - high or very high (>140 mg/dl) or taking medicine to control blood sugar level (%) - Women,16.3,12.0,12.7,na,Bihar
497.0,104.0,Blood Sugar Level among Adults (age 15 years and above) - Men,Blood sugar level - high or very high (>140 mg/dl) or taking medicine to control blood sugar level (%) - Men,20.3,15.4,16.2,na,Bihar
500.0,107.0,Hypertension among Adults (age 15 years and above) - Women,Elevated blood pressure (Systolic ≥140 mm of Hg and/or Diastolic ≥90 mm of Hg) or taking medicine to control blood pressure (%) - Women,16.6,15.8,15.9,na,Bihar
503.0,110.0,Hypertension among Adults (age 15 years and above) - Men,Elevated blood pressure (Systolic ≥140 mm of Hg and/or Diastolic ≥90 mm of Hg) or taking medicine to control blood pressure (%) - Men,19.5,18.1,18.4,na,Bihar
518.0,125.0,Gender Based Violence (age 18-49 years),Ever-married women age 18-49 years who have ever experienced spousal violence (%),40.6,39.9,40.0,43.7,Bihar
519.0,126.0,Gender Based Violence (age 18-49 years),Ever-married women age 18-49 years who have experienced physical violence during any pregnancy (%),1.9,3.0,2.8,4.8,Bihar
520.0,127.0,Gender Based Violence (age 18-49 years),Young women age 18-29 years who experienced sexual violence by age (%),7.1,8.5,8.3,14.2,Bihar
521.0,128.0,Tobacco Use and Alcohol Consumption among Adults (age 15 years and above),Women age 15 years and above who use any kind of tobacco (%),3.6,5.3,5.0,na,Bihar
522.0,129.0,Tobacco Use and Alcohol Consumption among Adults (age 15 years and above),Men age 15 years and above who use any kind of tobacco (%),40.3,50.7,48.8,na,Bihar
523.0,130.0,Tobacco Use and Alcohol Consumption among Adults (age 15 years and above),Women age 15 years and above who consume alcohol (%),0.5,0.4,0.4,na,Bihar
524.0,131.0,Tobacco Use and Alcohol Consumption among Adults (age 15 years and above),Men age 15 years and above who consume alcohol (%),14.0,15.8,15.5,na,Bihar
625.0,101.0,Blood Sugar Level among Adults (age 15 years and above) - Women,Blood sugar level - high or very high (>140 mg/dl) or taking medicine to control blood sugar level (%) - Women,14.0,13.3,13.6,na,Dadra & Nagar Haveli and Daman & Diu
628.0,104.0,Blood Sugar Level among Adults (age 15 years and above) - Men,Blood sugar level - high or very high (>140 mg/dl) or taking medicine to control blood sugar level (%) - Men,17.2,15.7,16.4,na,Dadra & Nagar Haveli and Daman & Diu
631.0,107.0,Hypertension among Adults (age 15 years and above) - Women,Elevated blood pressure (Systolic ≥140 mm of Hg and/or Diastolic ≥90 mm of Hg) or taking medicine to control blood pressure (%) - Women,16.5,13.6,14.9,na,Dadra & Nagar Haveli and Daman & Diu
634.0,110.0,Hypertension among Adults (age 15 years and above) - Men,Elevated blood pressure (Systolic ≥140 mm of Hg and/or Diastolic ≥90 mm of Hg) or taking medicine to control blood pressure (%) - Men,17.0,13.9,15.4,na,Dadra & Nagar Haveli and Daman & Diu
649.0,125.0,Gender Based Violence (age 18-49 years),Ever-married women age 18-49 years who have ever experienced spousal violence (%),21.8,10.8,16.8,30.0,Dadra & Nagar Haveli and Daman & Diu
650.0,126.0,Gender Based Violence (age 18-49 years),Ever-married women age 18-49 years who have experienced physical violence during any pregnancy (%),1.3,7.8,4.3,5.4,Dadra & Nagar Haveli and Daman & Diu
651.0,127.0,Gender Based Violence (age 18-49 years),Young women age 18-29 years who experienced sexual violence by age (%),4.4,4.1,4.3,6.4,Dadra & Nagar Haveli and Daman & Diu
652.0,128.0,Tobacco Use and Alcohol Consumption among Adults (age 15 years and above),Women age 15 years and above who use any kind of tobacco (%),2.4,3.3,2.9,na,Dadra & Nagar Haveli and Daman & Diu
653.0,129.0,Tobacco Use and Alcohol Consumption among Adults (age 15 years and above),Men age 15 years and above who use any kind of tobacco (%),39.6,37.5,38.6,na,Dadra & Nagar Haveli and Daman & Diu
654.0,130.0,Tobacco Use and Alcohol Consumption among Adults (age 15 years and above),Women age 15 years and above who consume alcohol (%),0.5,1.6,1.1,na,Dadra & Nagar Haveli and Daman & Diu
655.0,131.0,Tobacco Use and Alcohol Consumption among Adults (age 15 years and above),Men age 15 years and above who consume alcohol (%),29.1,26.5,27.8,na,Dadra & Nagar Haveli and Daman & Diu
756.0,101.0,Blood Sugar Level among Adults (age 15 years and above) - Women,Blood sugar level - high or very high (>140 mg/dl) or taking medicine to control blood sugar level (%) - Women,20.6,21.1,20.8,na,Goa
759.0,104.0,Blood Sugar Level among Adults (age 15 years and above) - Men,Blood sugar level - high or very high (>140 mg/dl) or taking medicine to control blood sugar level (%) - Men,23.0,25.9,24.1,na,Goa
762.0,107.0,Hypertension among Adults (age 15 years and above) - Women,Elevated blood pressure (Systolic ≥140 mm of Hg and/or Diastolic ≥90 mm of Hg) or taking medicine to control blood pressure (%) - Women,27.6,27.4,27.5,na,Goa
765.0,110.0,Hypertension among Adults (age 15 years and above) - Men,Elevated blood pressure (Systolic ≥140 mm of Hg and/or Diastolic ≥90 mm of Hg) or taking medicine to control blood pressure (%) - Men,25.9,28.2,26.8,na,Goa
780.0,125.0,Gender Based Violence (age 18-49 years),Ever-married women age 18-49 years who have ever experienced spousal violence (%),6.0,11.4,8.3,12.9,Goa
781.0,126.0,Gender Based Violence (age 18-49 years),Ever-married women age 18-49 years who have experienced physical violence during any pregnancy (%),0.9,2.7,1.6,1.6,Goa
782.0,127.0,Gender Based Violence (age 18-49 years),Young women age 18-29 years who experienced sexual violence by age (%),1.6,8.8,4.6,1.3,Goa
783.0,128.0,Tobacco Use and Alcohol Consumption among Adults (age 15 years and above),Women age 15 years and above who use any kind of tobacco (%),2.4,2.8,2.6,na,Goa
784.0,129.0,Tobacco Use and Alcohol Consumption among Adults (age 15 years and above),Men age 15 years and above who use any kind of tobacco (%),19.5,16.3,18.2,na,Goa
785.0,130.0,Tobacco Use and Alcohol Consumption among Adults (age 15 years and above),Women age 15 years and above who consume alcohol (%),5.6,5.3,5.5,na,Goa
786.0,131.0,Tobacco Use and Alcohol Consumption among Adults (age 15 years and above),Men age 15 years and above who consume alcohol (%),38.2,34.9,36.9,na,Goa
887.0,101.0,Blood Sugar Level among Adults (age 15 years and above) - Women,Blood sugar level - high or very high (>140 mg/dl) or taking medicine to control blood sugar level (%) - Women,17.6,14.6,15.8,na,Gujarat
890.0,104.0,Blood Sugar Level among Adults (age 15 years and above) - Men,Blood sugar level - high or very high (>140 mg/dl) or taking medicine to control blood sugar level (%) - Men,17.8,16.2,16.9,na,Gujarat
893.0,107.0,Hypertension among Adults (age 15 years and above) - Women,Elevated blood pressure (Systolic ≥140 mm of Hg and/or Diastolic ≥90 mm of Hg) or taking medicine to control blood pressure (%) - Women,21.1,20.1,20.6,na,Gujarat
896.0,110.0,Hypertension among Adults (age 15 years and above) - Men,Elevated blood pressure (Systolic ≥140 mm of Hg and/or Diastolic ≥90 mm of Hg) or taking medicine to control blood pressure (%) - Men,20.3,20.3,20.3,na,Gujarat
911.0,125.0,Gender Based Violence (age 18-49 years),Ever-married women age 18-49 years who have ever experienced spousal violence (%),10.0,16.8,14.0,20.2,Gujarat
912.0,126.0,Gender Based Violence (age 18-49 years),Ever-married women age 18-49 years who have experienced physical violence during any pregnancy (%),2.2,1.2,1.6,1.9,Gujarat
913.0,127.0,Gender Based Violence (age 18-49 years),Young women age 18-29 years who experienced sexual violence by age (%),3.0,4.0,3.6,5.2,Gujarat
914.0,128.0,Tobacco Use and Alcohol Consumption among Adults (age 15 years and above),Women age 15 years and above who use any kind of tobacco (%),5.4,11.0,8.7,na,Gujarat
915.0,129.0,Tobacco Use and Alcohol Consumption among Adults (age 15 years and above),Men age 15 years and above who use any kind of tobacco (%),33.6,46.7,41.1,na,Gujarat
916.0,130.0,Tobacco Use and Alcohol Consumption among Adults (age 15 years and above),Women age 15 years and above who consume alcohol (%),0.3,0.8,0.6,na,Gujarat
917.0,131.0,Tobacco Use and Alcohol Consumption among Adults (age 15 years and above),Men age 15 years and above who consume alcohol (%),4.6,6.8,5.8,na,Gujarat
1018.0,101.0,Blood Sugar Level among Adults (age 15 years and above) - Women,Blood sugar level - high or very high (>140 mg/dl) or taking medicine to control blood sugar level (%) - Women,15.4,13.7,13.9,na,Himachal Pradesh
1021.0,104.0,Blood Sugar Level among Adults (age 15 years and above) - Men,Blood sugar level - high or very high (>140 mg/dl) or taking medicine to control blood sugar level (%) - Men,18.3,14.2,14.7,na,Himachal Pradesh
1024.0,107.0,Hypertension among Adults (age 15 years and above) - Women,Elevated blood pressure (Systolic ≥140 mm of Hg and/or Diastolic ≥90 mm of Hg) or taking medicine to control blood pressure (%) - Women,22.1,22.2,22.2,na,Himachal Pradesh
1027.0,110.0,Hypertension among Adults (age 15 years and above) - Men,Elevated blood pressure (Systolic ≥140 mm of Hg and/or Diastolic ≥90 mm of Hg) or taking medicine to control blood pressure (%) - Men,29.1,23.6,24.4,na,Himachal Pradesh
1042.0,125.0,Gender Based Violence (age 18-49 years),Ever-married women age 18-49 years who have ever experienced spousal violence (%),6.0,8.7,8.3,5.9,Himachal Pradesh
1043.0,126.0,Gender Based Violence (age 18-49 years),Ever-married women age 18-49 years who have experienced physical violence during any pregnancy (%),0.0,0.7,0.6,1.5,Himachal Pradesh
1044.0,127.0,Gender Based Violence (age 18-49 years),Young women age 18-29 years who experienced sexual violence by age (%),0.0,2.8,2.5,2.8,Himachal Pradesh
1045.0,128.0,Tobacco Use and Alcohol Consumption among Adults (age 15 years and above),Women age 15 years and above who use any kind of tobacco (%),1.2,1.7,1.7,na,Himachal Pradesh
1046.0,129.0,Tobacco Use and Alcohol Consumption among Adults (age 15 years and above),Men age 15 years and above who use any kind of tobacco (%),25.4,33.4,32.3,na,Himachal Pradesh
1047.0,130.0,Tobacco Use and Alcohol Consumption among Adults (age 15 years and above),Women age 15 years and above who consume alcohol (%),0.3,0.7,0.6,na,Himachal Pradesh
1048.0,131.0,Tobacco Use and Alcohol Consumption among Adults (age 15 years and above),Men age 15 years and above who consume alcohol (%),30.4,32.1,31.9,na,Himachal Pradesh
1149.0,101.0,Blood Sugar Level among Adults (age 15 years and above) - Women,Blood sugar level - high or very high (>140 mg/dl) or taking medicine to control blood sugar level (%) - Women,9.2,8.6,8.7,na,Jammu & Kashmir
1152.0,104.0,Blood Sugar Level among Adults (age 15 years and above) - Men,Blood sugar level - high or very high (>140 mg/dl) or taking medicine to control blood sugar level (%) - Men,8.1,8.0,8.0,na,Jammu & Kashmir
1155.0,107.0,Hypertension among Adults (age 15 years and above) - Women,Elevated blood pressure (Systolic ≥140 mm of Hg and/or Diastolic ≥90 mm of Hg) or taking medicine to control blood pressure (%) - Women,21.2,19.6,20.0,na,Jammu & Kashmir
1158.0,110.0,Hypertension among Adults (age 15 years and above) - Men,Elevated blood pressure (Systolic ≥140 mm of Hg and/or Diastolic ≥90 mm of Hg) or taking medicine to control blood pressure (%) - Men,20.1,18.5,18.9,na,Jammu & Kashmir
1173.0,125.0,Gender Based Violence (age 18-49 years),Ever-married women age 18-49 years who have ever experienced spousal violence (%),5.9,11.0,9.6,9.4,Jammu & Kashmir
1174.0,126.0,Gender Based Violence (age 18-49 years),Ever-married women age 18-49 years who have experienced physical violence during any pregnancy (%),0.3,1.6,1.2,1.3,Jammu & Kashmir
1175.0,127.0,Gender Based Violence (age 18-49 years),Young women age 18-29 years who experienced sexual violence by age (%),1.4,5.0,4.0,3.1,Jammu & Kashmir
1176.0,128.0,Tobacco Use and Alcohol Consumption among Adults (age 15 years and above),Women age 15 years and above who use any kind of tobacco (%),1.8,4.2,3.6,na,Jammu & Kashmir
1177.0,129.0,Tobacco Use and Alcohol Consumption among Adults (age 15 years and above),Men age 15 years and above who use any kind of tobacco (%),32.0,40.6,38.3,na,Jammu & Kashmir
1178.0,130.0,Tobacco Use and Alcohol Consumption among Adults (age 15 years and above),Women age 15 years and above who consume alcohol (%),0.1,0.2,0.2,na,Jammu & Kashmir
1179.0,131.0,Tobacco Use and Alcohol Consumption among Adults (age 15 years and above),Men age 15 years and above who consume alcohol (%),7.7,9.2,8.8,na,Jammu & Kashmir
1280.0,101.0,Blood Sugar Level among Adults (age 15 years and above) - Women,Blood sugar level - high or very high (>140 mg/dl) or taking medicine to control blood sugar level (%) - Women,16.2,12.6,14.0,na,Karnataka
1283.0,104.0,Blood Sugar Level among Adults (age 15 years and above) - Men,Blood sugar level - high or very high (>140 mg/dl) or taking medicine to control blood sugar level (%) - Men,18.0,14.1,15.6,na,Karnataka
1286.0,107.0,Hypertension among Adults (age 15 years and above) - Women,Elevated blood pressure (Systolic ≥140 mm of Hg and/or Diastolic ≥90 mm of Hg) or taking medicine to control blood pressure (%) - Women,27.4,23.4,25.0,na,Karnataka
1289.0,110.0,Hypertension among Adults (age 15 years and above) - Men,Elevated blood pressure (Systolic ≥140 mm of Hg and/or Diastolic ≥90 mm of Hg) or taking medicine to control blood pressure (%) - Men,29.2,25.5,26.9,na,Karnataka
1304.0,125.0,Gender Based Violence (age 18-49 years),Ever-married women age 18-49 years who have ever experienced spousal violence (%),44.5,44.4,44.4,20.6,Karnataka
1305.0,126.0,Gender Based Violence (age 18-49 years),Ever-married women age 18-49 years who have experienced physical violence during any pregnancy (%),4.9,6.4,5.8,6.5,Karnataka
1306.0,127.0,Gender Based Violence (age 18-49 years),Young women age 18-29 years who experienced sexual violence by age (%),10.9,11.2,11.0,10.3,Karnataka
1307.0,128.0,Tobacco Use and Alcohol Consumption among Adults (age 15 years and above),Women age 15 years and above who use any kind of tobacco (%),4.6,11.1,8.5,na,Karnataka
1308.0,129.0,Tobacco Use and Alcohol Consumption among Adults (age 15 years and above),Men age 15 years and above who use any kind of tobacco (%),21.5,30.8,27.1,na,Karnataka
1309.0,130.0,Tobacco Use and Alcohol Consumption among Adults (age 15 years and above),Women age 15 years and above who consume alcohol (%),0.9,1.0,0.9,na,Karnataka
1310.0,131.0,Tobacco Use and Alcohol Consumption among Adults (age 15 years and above),Men age 15 years and above who consume alcohol (%),15.3,17.4,16.5,na,Karnataka
1411.0,101.0,Blood Sugar Level among Adults (age 15 years and above) - Women,Blood sugar level - high or very high (>140 mg/dl) or taking medicine to control blood sugar level (%) - Women,24.8,24.8,24.8,na,Kerala
1414.0,104.0,Blood Sugar Level among Adults (age 15 years and above) - Men,Blood sugar level - high or very high (>140 mg/dl) or taking medicine to control blood sugar level (%) - Men,27.4,26.7,27.0,na,Kerala
1417.0,107.0,Hypertension among Adults (age 15 years and above) - Women,Elevated blood pressure (Systolic ≥140 mm of Hg and/or Diastolic ≥90 mm of Hg) or taking medicine to control blood pressure (%) - Women,30.7,31.0,30.9,na,Kerala
1420.0,110.0,Hypertension among Adults (age 15 years and above) - Men,Elevated blood pressure (Systolic ≥140 mm of Hg and/or Diastolic ≥90 mm of Hg) or taking medicine to control blood pressure (%) - Men,32.6,32.9,32.8,na,Kerala
1435.0,125.0,Gender Based Violence (age 18-49 years),Ever-married women age 18-49 years who have ever experienced spousal violence (%),9.9,9.9,9.9,14.3,Kerala
1436.0,126.0,Gender Based Violence (age 18-49 years),Ever-married women age 18-49 years who have experienced physical violence during any pregnancy (%),0.5,0.5,0.5,1.2,Kerala
1437.0,127.0,Gender Based Violence (age 18-49 years),Young women age 18-29 years who experienced sexual violence by age (%),1.8,1.3,1.6,5.0,Kerala
1438.0,128.0,Tobacco Use and Alcohol Consumption among Adults (age 15 years and above),Women age 15 years and above who use any kind of tobacco (%),1.3,3.0,2.2,na,Kerala
1439.0,129.0,Tobacco Use and Alcohol Consumption among Adults (age 15 years and above),Men age 15 years and above who use any kind of tobacco (%),14.0,19.6,16.9,na,Kerala
1440.0,130.0,Tobacco Use and Alcohol Consumption among Adults (age 15 years and above),Women age 15 years and above who consume alcohol (%),0.2,0.3,0.2,na,Kerala
1441.0,131.0,Tobacco Use and Alcohol Consumption among Adults (age 15 years and above),Men age 15 years and above who consume alcohol (%),18.7,21.0,19.9,na,Kerala
1542.0,101.0,Blood Sugar Level among Adults (age 15 years and above) - Women,Blood sugar level - high or very high (>140 mg/dl) or taking medicine to control blood sugar level (%) - Women,19.9,18.3,19.5,na,Lakshadweep
1545.0,104.0,Blood Sugar Level among Adults (age 15 years and above) - Men,Blood sugar level - high or very high (>140 mg/dl) or taking medicine to control blood sugar level (%) - Men,22.9,13.0,20.7,na,Lakshadweep
1548.0,107.0,Hypertension among Adults (age 15 years and above) - Women,Elevated blood pressure (Systolic ≥140 mm of Hg and/or Diastolic ≥90 mm of Hg) or taking medicine to control blood pressure (%) - Women,26.5,18.4,24.8,na,Lakshadweep
1551.0,110.0,Hypertension among Adults (age 15 years and above) - Men,Elevated blood pressure (Systolic ≥140 mm of Hg and/or Diastolic ≥90 mm of Hg) or taking medicine to control blood pressure (%) - Men,25.9,20.7,24.7,na,Lakshadweep
1566.0,125.0,Gender Based Violence (age 18-49 years),Ever-married women age 18-49 years who have ever experienced spousal violence (%),1.0,*,1.3,8.9,Lakshadweep
1567.0,126.0,Gender Based Violence (age 18-49 years),Ever-married women age 18-49 years who have experienced physical violence during any pregnancy (%),0.0,*,0.0,0.0,Lakshadweep
1568.0,127.0,Gender Based Violence (age 18-49 years),Young women age 18-29 years who experienced sexual violence by age (%),1.0,*,0.8,2.5,Lakshadweep
1569.0,128.0,Tobacco Use and Alcohol Consumption among Adults (age 15 years and above),Women age 15 years and above who use any kind of tobacco (%),16.6,21.1,17.5,na,Lakshadweep
1570.0,129.0,Tobacco Use and Alcohol Consumption among Adults (age 15 years and above),Men age 15 years and above who use any kind of tobacco (%),25.9,37.8,28.5,na,Lakshadweep
1571.0,130.0,Tobacco Use and Alcohol Consumption among Adults (age 15 years and above),Women age 15 years and above who consume alcohol (%),0.3,0.4,0.3,na,Lakshadweep
1572.0,131.0,Tobacco Use and Alcohol Consumption among Adults (age 15 years and above),Men age 15 years and above who consume alcohol (%),0.4,0.5,0.4,na,Lakshadweep
1673.0,101.0,Blood Sugar Level among Adults (age 15 years and above) - Women,Blood sugar level - high or very high (>140 mg/dl) or taking medicine to control blood sugar level (%) - Women,6.4,6.8,6.7,na,Ladakh
1676.0,104.0,Blood Sugar Level among Adults (age 15 years and above) - Men,Blood sugar level - high or very high (>140 mg/dl) or taking medicine to control blood sugar level (%) - Men,5.4,8.9,8.3,na,Ladakh
1679.0,107.0,Hypertension among Adults (age 15 years and above) - Women,Elevated blood pressure (Systolic ≥140 mm of Hg and/or Diastolic ≥90 mm of Hg) or taking medicine to control blood pressure (%) - Women,13.5,16.3,15.7,na,Ladakh
1682.0,110.0,Hypertension among Adults (age 15 years and above) - Men,Elevated blood pressure (Systolic ≥140 mm of Hg and/or Diastolic ≥90 mm of Hg) or taking medicine to control blood pressure (%) - Men,14.5,18.1,17.4,na,Ladakh
1697.0,125.0,Gender Based Violence (age 18-49 years),Ever-married women age 18-49 years who have ever experienced spousal violence (%),(11.7),19.0,18.1,8.5,Ladakh
1698.0,126.0,Gender Based Violence (age 18-49 years),Ever-married women age 18-49 years who have experienced physical violence during any pregnancy (%),(0.0),1.2,1.1,0.0,Ladakh
1699.0,127.0,Gender Based Violence (age 18-49 years),Young women age 18-29 years who experienced sexual violence by age (%),(6.1),9.0,8.7,1.2,Ladakh
1700.0,128.0,Tobacco Use and Alcohol Consumption among Adults (age 15 years and above),Women age 15 years and above who use any kind of tobacco (%),3.5,3.1,3.2,na,Ladakh
1701.0,129.0,Tobacco Use and Alcohol Consumption among Adults (age 15 years and above),Men age 15 years and above who use any kind of tobacco (%),39.8,34.8,35.7,na,Ladakh
1702.0,130.0,Tobacco Use and Alcohol Consumption among Adults (age 15 years and above),Women age 15 years and above who consume alcohol (%),5.3,3.4,3.8,na,Ladakh
1703.0,131.0,Tobacco Use and Alcohol Consumption among Adults (age 15 years and above),Men age 15 years and above who consume alcohol (%),21.1,24.2,23.6,na,Ladakh
1804.0,101.0,Blood Sugar Level among Adults (age 15 years and above) - Women,Blood sugar level - high or very high (>140 mg/dl) or taking medicine to control blood sugar level (%) - Women,14.6,10.7,12.4,na,Maharashtra
1807.0,104.0,Blood Sugar Level among Adults (age 15 years and above) - Men,Blood sugar level - high or very high (>140 mg/dl) or taking medicine to control blood sugar level (%) - Men,15.3,12.4,13.6,na,Maharashtra
1810.0,107.0,Hypertension among Adults (age 15 years and above) - Women,Elevated blood pressure (Systolic ≥140 mm of Hg and/or Diastolic ≥90 mm of Hg) or taking medicine to control blood pressure (%) - Women,23.8,22.6,23.1,na,Maharashtra
1813.0,110.0,Hypertension among Adults (age 15 years and above) - Men,Elevated blood pressure (Systolic ≥140 mm of Hg and/or Diastolic ≥90 mm of Hg) or taking medicine to control blood pressure (%) - Men,25.7,23.5,24.4,na,Maharashtra
1828.0,125.0,Gender Based Violence (age 18-49 years),Ever-married women age 18-49 years who have ever experienced spousal violence (%),21.0,28.6,25.2,21.3,Maharashtra
1829.0,126.0,Gender Based Violence (age 18-49 years),Ever-married women age 18-49 years who have experienced physical violence during any pregnancy (%),2.5,4.0,3.3,2.9,Maharashtra
1830.0,127.0,Gender Based Violence (age 18-49 years),Young women age 18-29 years who experienced sexual violence by age (%),4.5,7.6,6.2,2.9,Maharashtra
1831.0,128.0,Tobacco Use and Alcohol Consumption among Adults (age 15 years and above),Women age 15 years and above who use any kind of tobacco (%),6.6,14.7,10.9,na,Maharashtra
1832.0,129.0,Tobacco Use and Alcohol Consumption among Adults (age 15 years and above),Men age 15 years and above who use any kind of tobacco (%),26.2,40.6,33.8,na,Maharashtra
1833.0,130.0,Tobacco Use and Alcohol Consumption among Adults (age 15 years and above),Women age 15 years and above who consume alcohol (%),0.3,0.5,0.4,na,Maharashtra
1834.0,131.0,Tobacco Use and Alcohol Consumption among Adults (age 15 years and above),Men age 15 years and above who consume alcohol (%),13.0,14.7,13.9,na,Maharashtra
1935.0,101.0,Blood Sugar Level among Adults (age 15 years and above) - Women,Blood sugar level - high or very high (>140 mg/dl) or taking medicine to control blood sugar level (%) - Women,10.3,9.3,9.5,na,Meghalaya
1938.0,104.0,Blood Sugar Level among Adults (age 15 years and above) - Men,Blood sugar level - high or very high (>140 mg/dl) or taking medicine to control blood sugar level (%) - Men,16.0,13.4,13.9,na,Meghalaya
1941.0,107.0,Hypertension among Adults (age 15 years and above) - Women,Elevated blood pressure (Systolic ≥140 mm of Hg and/or Diastolic ≥90 mm of Hg) or taking medicine to control blood pressure (%) - Women,24.6,17.1,18.7,na,Meghalaya
1944.0,110.0,Hypertension among Adults (age 15 years and above) - Men,Elevated blood pressure (Systolic ≥140 mm of Hg and/or Diastolic ≥90 mm of Hg) or taking medicine to control blood pressure (%) - Men,28.5,19.9,21.4,na,Meghalaya
1959.0,125.0,Gender Based Violence (age 18-49 years),Ever-married women age 18-49 years who have ever experienced spousal violence (%),23.2,14.2,16.0,28.8,Meghalaya
1960.0,126.0,Gender Based Violence (age 18-49 years),Ever-married women age 18-49 years who have experienced physical violence during any pregnancy (%),2.5,1.4,1.6,0.4,Meghalaya
1961.0,127.0,Gender Based Violence (age 18-49 years),Young women age 18-29 years who experienced sexual violence by age (%),7.9,6.4,6.7,5.1,Meghalaya
1962.0,128.0,Tobacco Use and Alcohol Consumption among Adults (age 15 years and above),Women age 15 years and above who use any kind of tobacco (%),27.2,28.5,28.2,na,Meghalaya
1963.0,129.0,Tobacco Use and Alcohol Consumption among Adults (age 15 years and above),Men age 15 years and above who use any kind of tobacco (%),47.0,60.6,57.7,na,Meghalaya
1964.0,130.0,Tobacco Use and Alcohol Consumption among Adults (age 15 years and above),Women age 15 years and above who consume alcohol (%),1.0,1.6,1.5,na,Meghalaya
1965.0,131.0,Tobacco Use and Alcohol Consumption among Adults (age 15 years and above),Men age 15 years and above who consume alcohol (%),28.5,33.5,32.4,na,Meghalaya
2066.0,101.0,Blood Sugar Level among Adults (age 15 years and above) - Women,Blood sugar level - high or very high (>140 mg/dl) or taking medicine to control blood sugar level (%) - Women,16.0,12.1,13.6,na,Manipur
2069.0,104.0,Blood Sugar Level among Adults (age 15 years and above) - Men,Blood sugar level - high or very high (>140 mg/dl) or taking medicine to control blood sugar level (%) - Men,19.2,14.7,16.5,na,Manipur
2072.0,107.0,Hypertension among Adults (age 15 years and above) - Women,Elevated blood pressure (Systolic ≥140 mm of Hg and/or Diastolic ≥90 mm of Hg) or taking medicine to control blood pressure (%) - Women,26.0,21.1,23.0,na,Manipur
2075.0,110.0,Hypertension among Adults (age 15 years and above) - Men,Elevated blood pressure (Systolic ≥140 mm of Hg and/or Diastolic ≥90 mm of Hg) or taking medicine to control blood pressure (%) - Men,37.5,30.4,33.2,na,Manipur
2090.0,125.0,Gender Based Violence (age 18-49 years),Ever-married women age 18-49 years who have ever experienced spousal violence (%),35.0,42.8,39.6,53.2,Manipur
2091.0,126.0,Gender Based Violence (age 18-49 years),Ever-married women age 18-49 years who have experienced physical violence during any pregnancy (%),1.6,3.8,2.9,3.4,Manipur
2092.0,127.0,Gender Based Violence (age 18-49 years),Young women age 18-29 years who experienced sexual violence by age (%),1.0,8.4,5.4,14.0,Manipur
2093.0,128.0,Tobacco Use and Alcohol Consumption among Adults (age 15 years and above),Women age 15 years and above who use any kind of tobacco (%),37.7,46.6,43.1,na,Manipur
2094.0,129.0,Tobacco Use and Alcohol Consumption among Adults (age 15 years and above),Men age 15 years and above who use any kind of tobacco (%),51.4,62.4,58.1,na,Manipur
2095.0,130.0,Tobacco Use and Alcohol Consumption among Adults (age 15 years and above),Women age 15 years and above who consume alcohol (%),1.0,0.8,0.9,na,Manipur
2096.0,131.0,Tobacco Use and Alcohol Consumption among Adults (age 15 years and above),Men age 15 years and above who consume alcohol (%),34.6,39.2,37.5,na,Manipur
2197.0,101.0,Blood Sugar Level among Adults (age 15 years and above) - Women,Blood sugar level - high or very high (>140 mg/dl) or taking medicine to control blood sugar level (%) - Women,15.0,12.3,13.8,na,Mizoram
2200.0,104.0,Blood Sugar Level among Adults (age 15 years and above) - Men,Blood sugar level - high or very high (>140 mg/dl) or taking medicine to control blood sugar level (%) - Men,16.4,14.3,15.4,na,Mizoram
2203.0,107.0,Hypertension among Adults (age 15 years and above) - Women,Elevated blood pressure (Systolic ≥140 mm of Hg and/or Diastolic ≥90 mm of Hg) or taking medicine to control blood pressure (%) - Women,21.0,13.5,17.7,na,Mizoram
2206.0,110.0,Hypertension among Adults (age 15 years and above) - Men,Elevated blood pressure (Systolic ≥140 mm of Hg and/or Diastolic ≥90 mm of Hg) or taking medicine to control blood pressure (%) - Men,28.7,21.1,25.2,na,Mizoram
2221.0,125.0,Gender Based Violence (age 18-49 years),Ever-married women age 18-49 years who have ever experienced spousal violence (%),11.3,10.3,10.9,17.1,Mizoram
2222.0,126.0,Gender Based Violence (age 18-49 years),Ever-married women age 18-49 years who have experienced physical violence during any pregnancy (%),0.9,0.4,0.7,2.1,Mizoram
2223.0,127.0,Gender Based Violence (age 18-49 years),Young women age 18-29 years who experienced sexual violence by age (%),1.4,2.7,2.0,4.0,Mizoram
2224.0,128.0,Tobacco Use and Alcohol Consumption among Adults (age 15 years and above),Women age 15 years and above who use any kind of tobacco (%),56.6,68.5,61.6,na,Mizoram
2225.0,129.0,Tobacco Use and Alcohol Consumption among Adults (age 15 years and above),Men age 15 years and above who use any kind of tobacco (%),69.5,77.4,72.9,na,Mizoram
2226.0,130.0,Tobacco Use and Alcohol Consumption among Adults (age 15 years and above),Women age 15 years and above who consume alcohol (%),1.0,0.8,0.9,na,Mizoram
2227.0,131.0,Tobacco Use and Alcohol Consumption among Adults (age 15 years and above),Men age 15 years and above who consume alcohol (%),22.8,25.2,23.8,na,Mizoram
2328.0,101.0,Blood Sugar Level among Adults (age 15 years and above) - Women,Blood sugar level - high or very high (>140 mg/dl) or taking medicine to control blood sugar level (%) - Women,9.3,9.2,9.3,na,Nagaland
2331.0,104.0,Blood Sugar Level among Adults (age 15 years and above) - Men,Blood sugar level - high or very high (>140 mg/dl) or taking medicine to control blood sugar level (%) - Men,13.4,11.9,12.4,na,Nagaland
2334.0,107.0,Hypertension among Adults (age 15 years and above) - Women,Elevated blood pressure (Systolic ≥140 mm of Hg and/or Diastolic ≥90 mm of Hg) or taking medicine to control blood pressure (%) - Women,19.9,23.6,22.4,na,Nagaland
2337.0,110.0,Hypertension among Adults (age 15 years and above) - Men,Elevated blood pressure (Systolic ≥140 mm of Hg and/or Diastolic ≥90 mm of Hg) or taking medicine to control blood pressure (%) - Men,26.0,30.1,28.7,na,Nagaland
2352.0,125.0,Gender Based Violence (age 18-49 years),Ever-married women age 18-49 years who have ever experienced spousal violence (%),5.2,7.0,6.4,13.1,Nagaland
2353.0,126.0,Gender Based Violence (age 18-49 years),Ever-married women age 18-49 years who have experienced physical violence during any pregnancy (%),0.0,0.6,0.4,1.5,Nagaland
2354.0,127.0,Gender Based Violence (age 18-49 years),Young women age 18-29 years who experienced sexual violence by age (%),2.4,1.3,1.6,7.6,Nagaland
2355.0,128.0,Tobacco Use and Alcohol Consumption among Adults (age 15 years and above),Women age 15 years and above who use any kind of tobacco (%),16.0,12.6,13.7,na,Nagaland
2356.0,129.0,Tobacco Use and Alcohol Consumption among Adults (age 15 years and above),Men age 15 years and above who use any kind of tobacco (%),47.4,48.9,48.4,na,Nagaland
2357.0,130.0,Tobacco Use and Alcohol Consumption among Adults (age 15 years and above),Women age 15 years and above who consume alcohol (%),1.5,0.7,0.9,na,Nagaland
2358.0,131.0,Tobacco Use and Alcohol Consumption among Adults (age 15 years and above),Men age 15 years and above who consume alcohol (%),26.8,22.5,24.0,na,Nagaland
2459.0,101.0,Blood Sugar Level among Adults (age 15 years and above) - Women,Blood sugar level - high or very high (>140 mg/dl) or taking medicine to control blood sugar level (%) - Women,14.6,10.9,12.2,na,Sikkim
2462.0,104.0,Blood Sugar Level among Adults (age 15 years and above) - Men,Blood sugar level - high or very high (>140 mg/dl) or taking medicine to control blood sugar level (%) - Men,16.2,15.5,15.7,na,Sikkim
2465.0,107.0,Hypertension among Adults (age 15 years and above) - Women,Elevated blood pressure (Systolic ≥140 mm of Hg and/or Diastolic ≥90 mm of Hg) or taking medicine to control blood pressure (%) - Women,32.3,35.8,34.5,na,Sikkim
2468.0,110.0,Hypertension among Adults (age 15 years and above) - Men,Elevated blood pressure (Systolic ≥140 mm of Hg and/or Diastolic ≥90 mm of Hg) or taking medicine to control blood pressure (%) - Men,38.6,43.1,41.6,na,Sikkim
2483.0,125.0,Gender Based Violence (age 18-49 years),Ever-married women age 18-49 years who have ever experienced spousal violence (%),(13.1),11.7,12.1,2.6,Sikkim
2484.0,126.0,Gender Based Violence (age 18-49 years),Ever-married women age 18-49 years who have experienced physical violence during any pregnancy (%),(0.4),2.4,1.9,0.4,Sikkim
2485.0,127.0,Gender Based Violence (age 18-49 years),Young women age 18-29 years who experienced sexual violence by age (%),(3.2),3.1,3.2,1.4,Sikkim
2486.0,128.0,Tobacco Use and Alcohol Consumption among Adults (age 15 years and above),Women age 15 years and above who use any kind of tobacco (%),7.9,14.1,11.7,na,Sikkim
2487.0,129.0,Tobacco Use and Alcohol Consumption among Adults (age 15 years and above),Men age 15 years and above who use any kind of tobacco (%),38.0,43.3,41.3,na,Sikkim
2488.0,130.0,Tobacco Use and Alcohol Consumption among Adults (age 15 years and above),Women age 15 years and above who consume alcohol (%),12.7,18.4,16.2,na,Sikkim
2489.0,131.0,Tobacco Use and Alcohol Consumption among Adults (age 15 years and above),Men age 15 years and above who consume alcohol (%),37.6,41.1,39.8,na,Sikkim
2590.0,101.0,Blood Sugar Level among Adults (age 15 years and above) - Women,Blood sugar level - high or very high (>140 mg/dl) or taking medicine to control blood sugar level (%) - Women,18.4,13.0,14.7,na,Telangana
2593.0,104.0,Blood Sugar Level among Adults (age 15 years and above) - Men,Blood sugar level - high or very high (>140 mg/dl) or taking medicine to control blood sugar level (%) - Men,21.4,16.6,18.1,na,Telangana
2596.0,107.0,Hypertension among Adults (age 15 years and above) - Women,Elevated blood pressure (Systolic ≥140 mm of Hg and/or Diastolic ≥90 mm of Hg) or taking medicine to control blood pressure (%) - Women,29.1,24.7,26.1,na,Telangana
2599.0,110.0,Hypertension among Adults (age 15 years and above) - Men,Elevated blood pressure (Systolic ≥140 mm of Hg and/or Diastolic ≥90 mm of Hg) or taking medicine to control blood pressure (%) - Men,36.8,28.9,31.4,na,Telangana
2614.0,125.0,Gender Based Violence (age 18-49 years),Ever-married women age 18-49 years who have ever experienced spousal violence (%),27.3,42.3,36.9,42.9,Telangana
2615.0,126.0,Gender Based Violence (age 18-49 years),Ever-married women age 18-49 years who have experienced physical violence during any pregnancy (%),2.1,5.1,4.0,5.9,Telangana
2616.0,127.0,Gender Based Violence (age 18-49 years),Young women age 18-29 years who experienced sexual violence by age (%),3.1,6.0,5.0,7.4,Telangana
2617.0,128.0,Tobacco Use and Alcohol Consumption among Adults (age 15 years and above),Women age 15 years and above who use any kind of tobacco (%),2.6,7.2,5.6,na,Telangana
2618.0,129.0,Tobacco Use and Alcohol Consumption among Adults (age 15 years and above),Men age 15 years and above who use any kind of tobacco (%),15.2,26.5,22.3,na,Telangana
2619.0,130.0,Tobacco Use and Alcohol Consumption among Adults (age 15 years and above),Women age 15 years and above who consume alcohol (%),2.6,9.0,6.7,na,Telangana
2620.0,131.0,Tobacco Use and Alcohol Consumption among Adults (age 15 years and above),Men age 15 years and above who consume alcohol (%),33.9,49.0,43.3,na,Telangana
2721.0,101.0,Blood Sugar Level among Adults (age 15 years and above) - Women,Blood sugar level - high or very high (>140 mg/dl) or taking medicine to control blood sugar level (%) - Women,21.1,16.3,17.7,na,Tripura
2724.0,104.0,Blood Sugar Level among Adults (age 15 years and above) - Men,Blood sugar level - high or very high (>140 mg/dl) or taking medicine to control blood sugar level (%) - Men,21.2,18.5,19.3,na,Tripura
2727.0,107.0,Hypertension among Adults (age 15 years and above) - Women,Elevated blood pressure (Systolic ≥140 mm of Hg and/or Diastolic ≥90 mm of Hg) or taking medicine to control blood pressure (%) - Women,26.4,18.6,20.9,na,Tripura
2730.0,110.0,Hypertension among Adults (age 15 years and above) - Men,Elevated blood pressure (Systolic ≥140 mm of Hg and/or Diastolic ≥90 mm of Hg) or taking medicine to control blood pressure (%) - Men,27.3,20.6,22.7,na,Tripura
2745.0,125.0,Gender Based Violence (age 18-49 years),Ever-married women age 18-49 years who have ever experienced spousal violence (%),14.0,23.4,20.7,28.1,Tripura
2746.0,126.0,Gender Based Violence (age 18-49 years),Ever-married women age 18-49 years who have experienced physical violence during any pregnancy (%),0.1,2.9,2.1,2.3,Tripura
2747.0,127.0,Gender Based Violence (age 18-49 years),Young women age 18-29 years who experienced sexual violence by age (%),3.5,8.4,7.0,10.2,Tripura
2748.0,128.0,Tobacco Use and Alcohol Consumption among Adults (age 15 years and above),Women age 15 years and above who use any kind of tobacco (%),46.1,52.2,50.4,na,Tripura
2749.0,129.0,Tobacco Use and Alcohol Consumption among Adults (age 15 years and above),Men age 15 years and above who use any kind of tobacco (%),51.6,59.3,56.9,na,Tripura
2750.0,130.0,Tobacco Use and Alcohol Consumption among Adults (age 15 years and above),Women age 15 years and above who consume alcohol (%),0.8,8.4,6.2,na,Tripura
2751.0,131.0,Tobacco Use and Alcohol Consumption among Adults (age 15 years and above),Men age 15 years and above who consume alcohol (%),26.9,35.9,33.1,na,Tripura
2852.0,101.0,Blood Sugar Level among Adults (age 15 years and above) - Women,Blood sugar level - high or very high (>140 mg/dl) or taking medicine to control blood sugar level (%) - Women,19.4,16.5,17.5,na,West Bengal
2855.0,104.0,Blood Sugar Level among Adults (age 15 years and above) - Men,Blood sugar level - high or very high (>140 mg/dl) or taking medicine to control blood sugar level (%) - Men,23.1,20.4,21.3,na,West Bengal
2858.0,107.0,Hypertension among Adults (age 15 years and above) - Women,Elevated blood pressure (Systolic ≥140 mm of Hg and/or Diastolic ≥90 mm of Hg) or taking medicine to control blood pressure (%) - Women,21.5,19.9,20.5,na,West Bengal
2861.0,110.0,Hypertension among Adults (age 15 years and above) - Men,Elevated blood pressure (Systolic ≥140 mm of Hg and/or Diastolic ≥90 mm of Hg) or taking medicine to control blood pressure (%) - Men,22.3,19.0,20.1,na,West Bengal
2876.0,125.0,Gender Based Violence (age 18-49 years),Ever-married women age 18-49 years who have ever experienced spousal violence (%),22.9,28.7,27.0,33.1,West Bengal
2877.0,126.0,Gender Based Violence (age 18-49 years),Ever-married women age 18-49 years who have experienced physical violence during any pregnancy (%),2.3,4.0,3.5,5.0,West Bengal
2878.0,127.0,Gender Based Violence (age 18-49 years),Young women age 18-29 years who experienced sexual violence by age (%),6.7,10.9,9.7,8.9,West Bengal
2879.0,128.0,Tobacco Use and Alcohol Consumption among Adults (age 15 years and above),Women age 15 years and above who use any kind of tobacco (%),8.0,12.3,10.8,na,West Bengal
2880.0,129.0,Tobacco Use and Alcohol Consumption among Adults (age 15 years and above),Men age 15 years and above who use any kind of tobacco (%),44.7,49.9,48.1,na,West Bengal
2881.0,130.0,Tobacco Use and Alcohol Consumption among Adults (age 15 years and above),Women age 15 years and above who consume alcohol (%),0.8,1.3,1.1,na,West Bengal
2882.0,131.0,Tobacco Use and Alcohol Consumption among Adults (age 15 years and above),Men age 15 years and above who consume alcohol (%),18.9,17.7,18.1,na,West Bengal
2983.0,101.0,Blood Sugar Level among Adults (age 15 years and above) - Women,Blood sugar level - high or very high (>140 mg/dl) or taking medicine to control blood sugar level (%) - Women,16.3,12.3,13.5,na,India
2986.0,104.0,Blood Sugar Level among Adults (age 15 years and above) - Men,Blood sugar level - high or very high (>140 mg/dl) or taking medicine to control blood sugar level (%) - Men,17.9,14.5,15.6,na,India
2989.0,107.0,Hypertension among Adults (age 15 years and above) - Women,Elevated blood pressure (Systolic ≥140 mm of Hg and/or Diastolic ≥90 mm of Hg) or taking medicine to control blood pressure (%) - Women,23.6,20.2,21.3,na,India
2992.0,110.0,Hypertension among Adults (age 15 years and above) - Men,Elevated blood pressure (Systolic ≥140 mm of Hg and/or Diastolic ≥90 mm of Hg) or taking medicine to control blood pressure (%) - Men,26.6,22.7,24.0,na,India
3007.0,125.0,Gender Based Violence (age 18-49 years),Ever-married women age 18-49 years who have ever experienced spousal violence (%),24.2,31.6,29.3,31.2,India
3008.0,126.0,Gender Based Violence (age 18-49 years),Ever-married women age 18-49 years who have experienced physical violence during any pregnancy (%),2.5,3.4,3.1,3.9,India
3009.0,127.0,Gender Based Violence (age 18-49 years),Young women age 18-29 years who experienced sexual violence by age (%),1.1,1.6,1.5,1.5,India
3010.0,128.0,Tobacco Use and Alcohol Consumption among Adults (age 15 years and above),Women age 15 years and above who use any kind of tobacco (%),5.4,10.5,8.9,na,India
3011.0,129.0,Tobacco Use and Alcohol Consumption among Adults (age 15 years and above),Men age 15 years and above who use any kind of tobacco (%),28.8,42.7,38.0,na,India
3012.0,130.0,Tobacco Use and Alcohol Consumption among Adults (age 15 years and above),Women age 15 years and above who consume alcohol (%),0.6,1.6,1.3,na,India
3013.0,131.0,Tobacco Use and Alcohol Consumption among Adults (age 15 years and above),Men age 15 years and above who consume alcohol (%),16.5,19.9,18.8,na,India
3114.0,101.0,Blood Sugar Level among Adults (age 15 years and above) - Women,Blood sugar level - high or very high (>140 mg/dl) or taking medicine to control blood sugar level (%) - Women,9.6,8.2,8.4,na,Arunachal Pradesh
3117.0,104.0,Blood Sugar Level among Adults (age 15 years and above) - Men,Blood sugar level - high or very high (>140 mg/dl) or taking medicine to control blood sugar level (%) - Men,12.0,11.9,11.9,na,Arunachal Pradesh
3120.0,107.0,Hypertension among Adults (age 15 years and above) - Women,Elevated blood pressure (Systolic ≥140 mm of Hg and/or Diastolic ≥90 mm of Hg) or taking medicine to control blood pressure (%) - Women,25.3,24.8,24.9,na,Arunachal Pradesh
3123.0,110.0,Hypertension among Adults (age 15 years and above) - Men,Elevated blood pressure (Systolic ≥140 mm of Hg and/or Diastolic ≥90 mm of Hg) or taking medicine to control blood pressure (%) - Men,33.2,33.1,33.1,na,Arunachal Pradesh
3138.0,125.0,Gender Based Violence (age 18-49 years),Ever-married women age 18-49 years who have ever experienced spousal violence (%),18.5,26.0,24.8,31.0,Arunachal Pradesh
3139.0,126.0,Gender Based Violence (age 18-49 years),Ever-married women age 18-49 years who have experienced physical violence during any pregnancy (%),1.1,3.3,3.0,1.6,Arunachal Pradesh
3140.0,127.0,Gender Based Violence (age 18-49 years),Young women age 18-29 years who experienced sexual violence by age (%),0.1,0.8,0.7,0.9,Arunachal Pradesh
3141.0,128.0,Tobacco Use and Alcohol Consumption among Adults (age 15 years and above),Women age 15 years and above who use any kind of tobacco (%),14.0,19.7,18.8,na,Arunachal Pradesh
3142.0,129.0,Tobacco Use and Alcohol Consumption among Adults (age 15 years and above),Men age 15 years and above who use any kind of tobacco (%),44.5,51.4,50.3,na,Arunachal Pradesh
3143.0,130.0,Tobacco Use and Alcohol Consumption among Adults (age 15 years and above),Women age 15 years and above who consume alcohol (%),14.9,25.9,24.2,na,Arunachal Pradesh
3144.0,131.0,Tobacco Use and Alcohol Consumption among Adults (age 15 years and above),Men age 15 years and above who consume alcohol (%),44.3,54.3,52.7,na,Arunachal Pradesh
3245.0,101.0,Blood Sugar Level among Adults (age 15 years and above) - Women,Blood sugar level - high or very high (>140 mg/dl) or taking medicine to control blood sugar level (%) - Women,12.1,8.1,9.0,na,Chhattisgarh
3248.0,104.0,Blood Sugar Level among Adults (age 15 years and above) - Men,Blood sugar level - high or very high (>140 mg/dl) or taking medicine to control blood sugar level (%) - Men,12.8,10.3,10.8,na,Chhattisgarh
3251.0,107.0,Hypertension among Adults (age 15 years and above) - Women,Elevated blood pressure (Systolic ≥140 mm of Hg and/or Diastolic ≥90 mm of Hg) or taking medicine to control blood pressure (%) - Women,23.5,23.6,23.6,na,Chhattisgarh
3254.0,110.0,Hypertension among Adults (age 15 years and above) - Men,Elevated blood pressure (Systolic ≥140 mm of Hg and/or Diastolic ≥90 mm of Hg) or taking medicine to control blood pressure (%) - Men,27.8,27.7,27.7,na,Chhattisgarh
3269.0,125.0,Gender Based Violence (age 18-49 years),Ever-married women age 18-49 years who have ever experienced spousal violence (%),14.0,22.2,20.2,36.8,Chhattisgarh
3270.0,126.0,Gender Based Violence (age 18-49 years),Ever-married women age 18-49 years who have experienced physical violence during any pregnancy (%),1.2,0.9,0.9,4.9,Chhattisgarh
3271.0,127.0,Gender Based Violence (age 18-49 years),Young women age 18-29 years who experienced sexual violence by age (%),0.5,0.9,0.8,1.7,Chhattisgarh
3272.0,128.0,Tobacco Use and Alcohol Consumption among Adults (age 15 years and above),Women age 15 years and above who use any kind of tobacco (%),9.4,19.6,17.3,na,Chhattisgarh
3273.0,129.0,Tobacco Use and Alcohol Consumption among Adults (age 15 years and above),Men age 15 years and above who use any kind of tobacco (%),33.4,46.0,43.1,na,Chhattisgarh
3274.0,130.0,Tobacco Use and Alcohol Consumption among Adults (age 15 years and above),Women age 15 years and above who consume alcohol (%),1.3,6.1,5.0,na,Chhattisgarh
3275.0,131.0,Tobacco Use and Alcohol Consumption among Adults (age 15 years and above),Men age 15 years and above who consume alcohol (%),28.6,36.7,34.8,na,Chhattisgarh
3376.0,101.0,Blood Sugar Level among Adults (age 15 years and above) - Women,Blood sugar level - high or very high (>140 mg/dl) or taking medicine to control blood sugar level (%) - Women,13.5,11.2,11.9,na,Haryana
3379.0,104.0,Blood Sugar Level among Adults (age 15 years and above) - Men,Blood sugar level - high or very high (>140 mg/dl) or taking medicine to control blood sugar level (%) - Men,15.1,12.6,13.5,na,Haryana
3382.0,107.0,Hypertension among Adults (age 15 years and above) - Women,Elevated blood pressure (Systolic ≥140 mm of Hg and/or Diastolic ≥90 mm of Hg) or taking medicine to control blood pressure (%) - Women,22.9,20.1,21.0,na,Haryana
3385.0,110.0,Hypertension among Adults (age 15 years and above) - Men,Elevated blood pressure (Systolic ≥140 mm of Hg and/or Diastolic ≥90 mm of Hg) or taking medicine to control blood pressure (%) - Men,26.2,24.6,25.1,na,Haryana
3400.0,125.0,Gender Based Violence (age 18-49 years),Ever-married women age 18-49 years who have ever experienced spousal violence (%),18.0,18.2,18.2,32.0,Haryana
3401.0,126.0,Gender Based Violence (age 18-49 years),Ever-married women age 18-49 years who have experienced physical violence during any pregnancy (%),2.5,1.2,1.6,4.9,Haryana
3402.0,127.0,Gender Based Violence (age 18-49 years),Young women age 18-29 years who experienced sexual violence by age (%),0.2,0.5,0.4,1.5,Haryana
3403.0,128.0,Tobacco Use and Alcohol Consumption among Adults (age 15 years and above),Women age 15 years and above who use any kind of tobacco (%),1.7,3.0,2.5,na,Haryana
3404.0,129.0,Tobacco Use and Alcohol Consumption among Adults (age 15 years and above),Men age 15 years and above who use any kind of tobacco (%),23.3,32.1,29.1,na,Haryana
3405.0,130.0,Tobacco Use and Alcohol Consumption among Adults (age 15 years and above),Women age 15 years and above who consume alcohol (%),0.3,0.2,0.3,na,Haryana
3406.0,131.0,Tobacco Use and Alcohol Consumption among Adults (age 15 years and above),Men age 15 years and above who consume alcohol (%),15.7,16.2,16.1,na,Haryana
3507.0,101.0,Blood Sugar Level among Adults (age 15 years and above) - Women,Blood sugar level - high or very high (>140 mg/dl) or taking medicine to control blood sugar level (%) - Women,12.5,9.5,10.2,na,Jharkhand
3510.0,104.0,Blood Sugar Level among Adults (age 15 years and above) - Men,Blood sugar level - high or very high (>140 mg/dl) or taking medicine to control blood sugar level (%) - Men,15.8,13.4,14.1,na,Jharkhand
3513.0,107.0,Hypertension among Adults (age 15 years and above) - Women,Elevated blood pressure (Systolic ≥140 mm of Hg and/or Diastolic ≥90 mm of Hg) or taking medicine to control blood pressure (%) - Women,20.1,17.0,17.8,na,Jharkhand
3516.0,110.0,Hypertension among Adults (age 15 years and above) - Men,Elevated blood pressure (Systolic ≥140 mm of Hg and/or Diastolic ≥90 mm of Hg) or taking medicine to control blood pressure (%) - Men,25.3,21.6,22.6,na,Jharkhand
3531.0,125.0,Gender Based Violence (age 18-49 years),Ever-married women age 18-49 years who have ever experienced spousal violence (%),25.3,33.4,31.5,34.0,Jharkhand
3532.0,126.0,Gender Based Violence (age 18-49 years),Ever-married women age 18-49 years who have experienced physical violence during any pregnancy (%),2.1,3.4,3.1,2.8,Jharkhand
3533.0,127.0,Gender Based Violence (age 18-49 years),Young women age 18-29 years who experienced sexual violence by age (%),0.5,1.5,1.3,2.1,Jharkhand
3534.0,128.0,Tobacco Use and Alcohol Consumption among Adults (age 15 years and above),Women age 15 years and above who use any kind of tobacco (%),4.8,9.6,8.4,na,Jharkhand
3535.0,129.0,Tobacco Use and Alcohol Consumption among Adults (age 15 years and above),Men age 15 years and above who use any kind of tobacco (%),37.2,51.0,47.4,na,Jharkhand
3536.0,130.0,Tobacco Use and Alcohol Consumption among Adults (age 15 years and above),Women age 15 years and above who consume alcohol (%),2.0,7.4,6.1,na,Jharkhand
3537.0,131.0,Tobacco Use and Alcohol Consumption among Adults (age 15 years and above),Men age 15 years and above who consume alcohol (%),24.6,38.7,35.0,na,Jharkhand
3639.0,101.0,Blood Sugar Level among Adults (age 15 years and above) - Women,Blood sugar level - high or very high (>140 mg/dl) or taking medicine to control blood sugar level (%) - Women,11.2,9.4,9.8,na,Madhya Pradesh
3642.0,104.0,Blood Sugar Level among Adults (age 15 years and above) - Men,Blood sugar level - high or very high (>140 mg/dl) or taking medicine to control blood sugar level (%) - Men,13.1,11.9,12.2,na,Madhya Pradesh
3645.0,107.0,Hypertension among Adults (age 15 years and above) - Women,Elevated blood pressure (Systolic ≥140 mm of Hg and/or Diastolic ≥90 mm of Hg) or taking medicine to control blood pressure (%) - Women,22.5,19.9,20.6,na,Madhya Pradesh
3648.0,110.0,Hypertension among Adults (age 15 years and above) - Men,Elevated blood pressure (Systolic ≥140 mm of Hg and/or Diastolic ≥90 mm of Hg) or taking medicine to control blood pressure (%) - Men,25.9,21.5,22.7,na,Madhya Pradesh
3663.0,125.0,Gender Based Violence (age 18-49 years),Ever-married women age 18-49 years who have ever experienced spousal violence (%),26.4,28.7,28.1,33.0,Madhya Pradesh
3664.0,126.0,Gender Based Violence (age 18-49 years),Ever-married women age 18-49 years who have experienced physical violence during any pregnancy (%),2.8,2.1,2.3,3.3,Madhya Pradesh
3665.0,127.0,Gender Based Violence (age 18-49 years),Young women age 18-29 years who experienced sexual violence by age (%),0.5,1.2,1.0,1.9,Madhya Pradesh
3666.0,128.0,Tobacco Use and Alcohol Consumption among Adults (age 15 years and above),Women age 15 years and above who use any kind of tobacco (%),6.5,11.6,10.2,na,Madhya Pradesh
3667.0,129.0,Tobacco Use and Alcohol Consumption among Adults (age 15 years and above),Men age 15 years and above who use any kind of tobacco (%),35.3,50.8,46.5,na,Madhya Pradesh
3668.0,130.0,Tobacco Use and Alcohol Consumption among Adults (age 15 years and above),Women age 15 years and above who consume alcohol (%),0.5,1.2,1.0,na,Madhya Pradesh
3669.0,131.0,Tobacco Use and Alcohol Consumption among Adults (age 15 years and above),Men age 15 years and above who consume alcohol (%),13.2,18.6,17.1,na,Madhya Pradesh
3770.0,101.0,Blood Sugar Level among Adults (age 15 years and above) - Women,Blood sugar level - high or very high (>140 mg/dl) or taking medicine to control blood sugar level (%) - Women,17.4,13.3,14.0,na,Odisha
3773.0,104.0,Blood Sugar Level among Adults (age 15 years and above) - Men,Blood sugar level - high or very high (>140 mg/dl) or taking medicine to control blood sugar level (%) - Men,20.3,16.4,17.0,na,Odisha
3776.0,107.0,Hypertension among Adults (age 15 years and above) - Women,Elevated blood pressure (Systolic ≥140 mm of Hg and/or Diastolic ≥90 mm of Hg) or taking medicine to control blood pressure (%) - Women,24.5,21.9,22.4,na,Odisha
3779.0,110.0,Hypertension among Adults (age 15 years and above) - Men,Elevated blood pressure (Systolic ≥140 mm of Hg and/or Diastolic ≥90 mm of Hg) or taking medicine to control blood pressure (%) - Men,29.3,24.9,25.6,na,Odisha
3794.0,125.0,Gender Based Violence (age 18-49 years),Ever-married women age 18-49 years who have ever experienced spousal violence (%),30.6,30.6,30.6,35.2,Odisha
3795.0,126.0,Gender Based Violence (age 18-49 years),Ever-married women age 18-49 years who have experienced physical violence during any pregnancy (%),2.1,3.8,3.5,3.2,Odisha
3796.0,127.0,Gender Based Violence (age 18-49 years),Young women age 18-29 years who experienced sexual violence by age (%),0.6,0.8,0.8,1.8,Odisha
3797.0,128.0,Tobacco Use and Alcohol Consumption among Adults (age 15 years and above),Women age 15 years and above who use any kind of tobacco (%),16.6,28.0,26.0,na,Odisha
3798.0,129.0,Tobacco Use and Alcohol Consumption among Adults (age 15 years and above),Men age 15 years and above who use any kind of tobacco (%),40.5,54.1,51.6,na,Odisha
3799.0,130.0,Tobacco Use and Alcohol Consumption among Adults (age 15 years and above),Women age 15 years and above who consume alcohol (%),1.4,4.9,4.3,na,Odisha
3800.0,131.0,Tobacco Use and Alcohol Consumption among Adults (age 15 years and above),Men age 15 years and above who consume alcohol (%),22.7,30.2,28.8,na,Odisha
3901.0,101.0,Blood Sugar Level among Adults (age 15 years and above) - Women,Blood sugar level - high or very high (>140 mg/dl) or taking medicine to control blood sugar level (%) - Women,15.5,14.3,14.7,na,Punjab
3904.0,104.0,Blood Sugar Level among Adults (age 15 years and above) - Men,Blood sugar level - high or very high (>140 mg/dl) or taking medicine to control blood sugar level (%) - Men,15.9,13.0,14.1,na,Punjab
3907.0,107.0,Hypertension among Adults (age 15 years and above) - Women,Elevated blood pressure (Systolic ≥140 mm of Hg and/or Diastolic ≥90 mm of Hg) or taking medicine to control blood pressure (%) - Women,30.8,31.4,31.2,na,Punjab
3910.0,110.0,Hypertension among Adults (age 15 years and above) - Men,Elevated blood pressure (Systolic ≥140 mm of Hg and/or Diastolic ≥90 mm of Hg) or taking medicine to control blood pressure (%) - Men,36.5,38.4,37.7,na,Punjab
3925.0,125.0,Gender Based Violence (age 18-49 years),Ever-married women age 18-49 years who have ever experienced spousal violence (%),10.2,12.6,11.6,20.5,Punjab
3926.0,126.0,Gender Based Violence (age 18-49 years),Ever-married women age 18-49 years who have experienced physical violence during any pregnancy (%),1.4,1.7,1.6,2.3,Punjab
3927.0,127.0,Gender Based Violence (age 18-49 years),Young women age 18-29 years who experienced sexual violence by age (%),0.0,0.2,0.1,0.0,Punjab
3928.0,128.0,Tobacco Use and Alcohol Consumption among Adults (age 15 years and above),Women age 15 years and above who use any kind of tobacco (%),0.5,0.3,0.4,na,Punjab
3929.0,129.0,Tobacco Use and Alcohol Consumption among Adults (age 15 years and above),Men age 15 years and above who use any kind of tobacco (%),12.0,13.4,12.9,na,Punjab
3930.0,130.0,Tobacco Use and Alcohol Consumption among Adults (age 15 years and above),Women age 15 years and above who consume alcohol (%),0.3,0.4,0.3,na,Punjab
3931.0,131.0,Tobacco Use and Alcohol Consumption among Adults (age 15 years and above),Men age 15 years and above who consume alcohol (%),19.7,24.8,22.8,na,Punjab
4032.0,101.0,Blood Sugar Level among Adults (age 15 years and above) - Women,Blood sugar level - high or very high (>140 mg/dl) or taking medicine to control blood sugar level (%) - Women,7.9,7.0,7.2,na,Rajasthan
4035.0,104.0,Blood Sugar Level among Adults (age 15 years and above) - Men,Blood sugar level - high or very high (>140 mg/dl) or taking medicine to control blood sugar level (%) - Men,9.6,8.7,8.9,na,Rajasthan
4038.0,107.0,Hypertension among Adults (age 15 years and above) - Women,Elevated blood pressure (Systolic ≥140 mm of Hg and/or Diastolic ≥90 mm of Hg) or taking medicine to control blood pressure (%) - Women,16.9,14.9,15.4,na,Rajasthan
4041.0,110.0,Hypertension among Adults (age 15 years and above) - Men,Elevated blood pressure (Systolic ≥140 mm of Hg and/or Diastolic ≥90 mm of Hg) or taking medicine to control blood pressure (%) - Men,19.2,17.4,17.9,na,Rajasthan
4056.0,125.0,Gender Based Violence (age 18-49 years),Ever-married women age 18-49 years who have ever experienced spousal violence (%),22.4,24.9,24.3,25.2,Rajasthan
4057.0,126.0,Gender Based Violence (age 18-49 years),Ever-married women age 18-49 years who have experienced physical violence during any pregnancy (%),1.8,2.2,2.1,1.4,Rajasthan
4058.0,127.0,Gender Based Violence (age 18-49 years),Young women age 18-29 years who experienced sexual violence by age (%),0.0,1.2,0.9,0.8,Rajasthan
4059.0,128.0,Tobacco Use and Alcohol Consumption among Adults (age 15 years and above),Women age 15 years and above who use any kind of tobacco (%),5.9,7.2,6.9,na,Rajasthan
4060.0,129.0,Tobacco Use and Alcohol Consumption among Adults (age 15 years and above),Men age 15 years and above who use any kind of tobacco (%),33.3,44.9,42.0,na,Rajasthan
4061.0,130.0,Tobacco Use and Alcohol Consumption among Adults (age 15 years and above),Women age 15 years and above who consume alcohol (%),0.3,0.3,0.3,na,Rajasthan
4062.0,131.0,Tobacco Use and Alcohol Consumption among Adults (age 15 years and above),Men age 15 years and above who consume alcohol (%),9.3,11.6,11.0,na,Rajasthan
4163.0,101.0,Blood Sugar Level among Adults (age 15 years and above) - Women,Blood sugar level - high or very high (>140 mg/dl) or taking medicine to control blood sugar level (%) - Women,23.8,18.0,20.7,na,Tamil Nadu
4166.0,104.0,Blood Sugar Level among Adults (age 15 years and above) - Men,Blood sugar level - high or very high (>140 mg/dl) or taking medicine to control blood sugar level (%) - Men,23.7,20.6,22.1,na,Tamil Nadu
4169.0,107.0,Hypertension among Adults (age 15 years and above) - Women,Elevated blood pressure (Systolic ≥140 mm of Hg and/or Diastolic ≥90 mm of Hg) or taking medicine to control blood pressure (%) - Women,26.4,23.4,24.8,na,Tamil Nadu
4172.0,110.0,Hypertension among Adults (age 15 years and above) - Men,Elevated blood pressure (Systolic ≥140 mm of Hg and/or Diastolic ≥90 mm of Hg) or taking medicine to control blood pressure (%) - Men,31.5,29.0,30.2,na,Tamil Nadu
4187.0,125.0,Gender Based Violence (age 18-49 years),Ever-married women age 18-49 years who have ever experienced spousal violence (%),32.9,42.2,38.1,40.7,Tamil Nadu
4188.0,126.0,Gender Based Violence (age 18-49 years),Ever-married women age 18-49 years who have experienced physical violence during any pregnancy (%),3.3,3.4,3.3,6.2,Tamil Nadu
4189.0,127.0,Gender Based Violence (age 18-49 years),Young women age 18-29 years who experienced sexual violence by age (%),0.0,0.0,0.0,0.9,Tamil Nadu
4190.0,128.0,Tobacco Use and Alcohol Consumption among Adults (age 15 years and above),Women age 15 years and above who use any kind of tobacco (%),2.3,7.3,4.9,na,Tamil Nadu
4191.0,129.0,Tobacco Use and Alcohol Consumption among Adults (age 15 years and above),Men age 15 years and above who use any kind of tobacco (%),16.7,23.3,20.1,na,Tamil Nadu
4192.0,130.0,Tobacco Use and Alcohol Consumption among Adults (age 15 years and above),Women age 15 years and above who consume alcohol (%),0.2,0.4,0.3,na,Tamil Nadu
4193.0,131.0,Tobacco Use and Alcohol Consumption among Adults (age 15 years and above),Men age 15 years and above who consume alcohol (%),21.5,29.2,25.4,na,Tamil Nadu
4294.0,101.0,Blood Sugar Level among Adults (age 15 years and above) - Women,Blood sugar level - high or very high (>140 mg/dl) or taking medicine to control blood sugar level (%) - Women,11.3,9.6,10.0,na,Uttar Pradesh
4297.0,104.0,Blood Sugar Level among Adults (age 15 years and above) - Men,Blood sugar level - high or very high (>140 mg/dl) or taking medicine to control blood sugar level (%) - Men,13.2,11.1,11.6,na,Uttar Pradesh
4300.0,107.0,Hypertension among Adults (age 15 years and above) - Women,Elevated blood pressure (Systolic ≥140 mm of Hg and/or Diastolic ≥90 mm of Hg) or taking medicine to control blood pressure (%) - Women,20.9,17.6,18.4,na,Uttar Pradesh
4303.0,110.0,Hypertension among Adults (age 15 years and above) - Men,Elevated blood pressure (Systolic ≥140 mm of Hg and/or Diastolic ≥90 mm of Hg) or taking medicine to control blood pressure (%) - Men,24.8,20.7,21.7,na,Uttar Pradesh
4318.0,125.0,Gender Based Violence (age 18-49 years),Ever-married women age 18-49 years who have ever experienced spousal violence (%),32.7,35.5,34.8,36.7,Uttar Pradesh
4319.0,126.0,Gender Based Violence (age 18-49 years),Ever-married women age 18-49 years who have experienced physical violence during any pregnancy (%),3.1,3.8,3.7,4.3,Uttar Pradesh
4320.0,127.0,Gender Based Violence (age 18-49 years),Young women age 18-29 years who experienced sexual violence by age (%),0.6,0.7,0.7,1.1,Uttar Pradesh
4321.0,128.0,Tobacco Use and Alcohol Consumption among Adults (age 15 years and above),Women age 15 years and above who use any kind of tobacco (%),6.5,9.1,8.4,na,Uttar Pradesh
4322.0,129.0,Tobacco Use and Alcohol Consumption among Adults (age 15 years and above),Men age 15 years and above who use any kind of tobacco (%),34.7,47.6,44.1,na,Uttar Pradesh
4323.0,130.0,Tobacco Use and Alcohol Consumption among Adults (age 15 years and above),Women age 15 years and above who consume alcohol (%),0.3,0.3,0.3,na,Uttar Pradesh
4324.0,131.0,Tobacco Use and Alcohol Consumption among Adults (age 15 years and above),Men age 15 years and above who consume alcohol (%),13.2,15.1,14.6,na,Uttar Pradesh
4425.0,101.0,Blood Sugar Level among Adults (age 15 years and above) - Women,Blood sugar level - high or very high (>140 mg/dl) or taking medicine to control blood sugar level (%) - Women,14.0,9.6,10.8,na,Uttarakhand
4428.0,104.0,Blood Sugar Level among Adults (age 15 years and above) - Men,Blood sugar level - high or very high (>140 mg/dl) or taking medicine to control blood sugar level (%) - Men,16.3,13.3,14.3,na,Uttarakhand
4431.0,107.0,Hypertension among Adults (age 15 years and above) - Women,Elevated blood pressure (Systolic ≥140 mm of Hg and/or Diastolic ≥90 mm of Hg) or taking medicine to control blood pressure (%) - Women,25.4,22.0,22.9,na,Uttarakhand
4434.0,110.0,Hypertension among Adults (age 15 years and above) - Men,Elevated blood pressure (Systolic ≥140 mm of Hg and/or Diastolic ≥90 mm of Hg) or taking medicine to control blood pressure (%) - Men,34.8,30.5,31.8,na,Uttarakhand
4449.0,125.0,Gender Based Violence (age 18-49 years),Ever-married women age 18-49 years who have ever experienced spousal violence (%),12.5,16.2,15.1,12.7,Uttarakhand
4450.0,126.0,Gender Based Violence (age 18-49 years),Ever-married women age 18-49 years who have experienced physical violence during any pregnancy (%),2.4,2.0,2.1,1.4,Uttarakhand
4451.0,127.0,Gender Based Violence (age 18-49 years),Young women age 18-29 years who experienced sexual violence by age (%),0.0,0.4,0.3,0.1,Uttarakhand
4452.0,128.0,Tobacco Use and Alcohol Consumption among Adults (age 15 years and above),Women age 15 years and above who use any kind of tobacco (%),2.8,5.4,4.6,na,Uttarakhand
4453.0,129.0,Tobacco Use and Alcohol Consumption among Adults (age 15 years and above),Men age 15 years and above who use any kind of tobacco (%),27.6,36.8,33.7,na,Uttarakhand
4454.0,130.0,Tobacco Use and Alcohol Consumption among Adults (age 15 years and above),Women age 15 years and above who consume alcohol (%),0.3,0.4,0.3,na,Uttarakhand
4455.0,131.0,Tobacco Use and Alcohol Consumption among Adults (age 15 years and above),Men age 15 years and above who consume alcohol (%),21.7,27.5,25.5,na,Uttarakhand
4556.0,101.0,Blood Sugar Level among Adults (age 15 years and above) - Women,Blood sugar level - high or very high (>140 mg/dl) or taking medicine to control blood sugar level (%) - Women,19.0,(17.2),19.0,na,Chandigarh
4559.0,104.0,Blood Sugar Level among Adults (age 15 years and above) - Men,Blood sugar level - high or very high (>140 mg/dl) or taking medicine to control blood sugar level (%) - Men,16.6,(16.0),16.6,na,Chandigarh
4562.0,107.0,Hypertension among Adults (age 15 years and above) - Women,Elevated blood pressure (Systolic ≥140 mm of Hg and/or Diastolic ≥90 mm of Hg) or taking medicine to control blood pressure (%) - Women,25.0,(30.0),25.0,na,Chandigarh
4565.0,110.0,Hypertension among Adults (age 15 years and above) - Men,Elevated blood pressure (Systolic ≥140 mm of Hg and/or Diastolic ≥90 mm of Hg) or taking medicine to control blood pressure (%) - Men,30.6,(34.6),30.6,na,Chandigarh
4580.0,125.0,Gender Based Violence (age 18-49 years),Ever-married women age 18-49 years who have ever experienced spousal violence (%),9.7,*,9.7,22.5,Chandigarh
4581.0,126.0,Gender Based Violence (age 18-49 years),Ever-married women age 18-49 years who have experienced physical violence during any pregnancy (%),0.0,*,0.0,3.5,Chandigarh
4582.0,127.0,Gender Based Violence (age 18-49 years),Young women age 18-29 years who experienced sexual violence by age (%),*,*,*,(0.0),Chandigarh
4583.0,128.0,Tobacco Use and Alcohol Consumption among Adults (age 15 years and above),Women age 15 years and above who use any kind of tobacco (%),0.6,(0.0),0.6,na,Chandigarh
4584.0,129.0,Tobacco Use and Alcohol Consumption among Adults (age 15 years and above),Men age 15 years and above who use any kind of tobacco (%),12.0,(23.7),12.1,na,Chandigarh
4585.0,130.0,Tobacco Use and Alcohol Consumption among Adults (age 15 years and above),Women age 15 years and above who consume alcohol (%),0.3,(0.0),0.3,na,Chandigarh
4586.0,131.0,Tobacco Use and Alcohol Consumption among Adults (age 15 years and above),Men age 15 years and above who consume alcohol (%),18.5,(31.6),18.6,na,Chandigarh
4687.0,101.0,Blood Sugar Level among Adults (age 15 years and above) - Women,Blood sugar level - high or very high (>140 mg/dl) or taking medicine to control blood sugar level (%) - Women,12.3,10.8,12.2,na,NCT Delhi
4690.0,104.0,Blood Sugar Level among Adults (age 15 years and above) - Men,Blood sugar level - high or very high (>140 mg/dl) or taking medicine to control blood sugar level (%) - Men,14.0,14.8,14.1,na,NCT Delhi
4693.0,107.0,Hypertension among Adults (age 15 years and above) - Women,Elevated blood pressure (Systolic ≥140 mm of Hg and/or Diastolic ≥90 mm of Hg) or taking medicine to control blood pressure (%) - Women,24.2,20.2,24.1,na,NCT Delhi
4696.0,110.0,Hypertension among Adults (age 15 years and above) - Men,Elevated blood pressure (Systolic ≥140 mm of Hg and/or Diastolic ≥90 mm of Hg) or taking medicine to control blood pressure (%) - Men,32.8,31.0,32.8,na,NCT Delhi
4711.0,125.0,Gender Based Violence (age 18-49 years),Ever-married women age 18-49 years who have ever experienced spousal violence (%),22.8,(10.3),22.6,26.8,NCT Delhi
4712.0,126.0,Gender Based Violence (age 18-49 years),Ever-married women age 18-49 years who have experienced physical violence during any pregnancy (%),3.7,(0.0),3.6,3.4,NCT Delhi
4713.0,127.0,Gender Based Violence (age 18-49 years),Young women age 18-29 years who experienced sexual violence by age (%),1.6,*,1.6,0.0,NCT Delhi
4714.0,128.0,Tobacco Use and Alcohol Consumption among Adults (age 15 years and above),Women age 15 years and above who use any kind of tobacco (%),2.2,3.4,2.2,na,NCT Delhi
4715.0,129.0,Tobacco Use and Alcohol Consumption among Adults (age 15 years and above),Men age 15 years and above who use any kind of tobacco (%),26.2,32.1,26.3,na,NCT Delhi
4716.0,130.0,Tobacco Use and Alcohol Consumption among Adults (age 15 years and above),Women age 15 years and above who consume alcohol (%),0.5,0.3,0.5,na,NCT Delhi
4717.0,131.0,Tobacco Use and Alcohol Consumption among Adults (age 15 years and above),Men age 15 years and above who consume alcohol (%),21.6,22.9,21.6,na,NCT Delhi
4818.0,101.0,Blood Sugar Level among Adults (age 15 years and above) - Women,Blood sugar level - high or very high (>140 mg/dl) or taking medicine to control blood sugar level (%) - Women,21.2,17.8,20.1,na,Puducherry
4821.0,104.0,Blood Sugar Level among Adults (age 15 years and above) - Men,Blood sugar level - high or very high (>140 mg/dl) or taking medicine to control blood sugar level (%) - Men,23.2,18.3,21.7,na,Puducherry
4824.0,107.0,Hypertension among Adults (age 15 years and above) - Women,Elevated blood pressure (Systolic ≥140 mm of Hg and/or Diastolic ≥90 mm of Hg) or taking medicine to control blood pressure (%) - Women,24.3,20.2,23.0,na,Puducherry
4827.0,110.0,Hypertension among Adults (age 15 years and above) - Men,Elevated blood pressure (Systolic ≥140 mm of Hg and/or Diastolic ≥90 mm of Hg) or taking medicine to control blood pressure (%) - Men,31.1,28.0,30.1,na,Puducherry
4842.0,125.0,Gender Based Violence (age 18-49 years),Ever-married women age 18-49 years who have ever experienced spousal violence (%),29.8,32.5,30.5,34.6,Puducherry
4843.0,126.0,Gender Based Violence (age 18-49 years),Ever-married women age 18-49 years who have experienced physical violence during any pregnancy (%),1.3,2.4,1.6,4.6,Puducherry
4844.0,127.0,Gender Based Violence (age 18-49 years),Young women age 18-29 years who experienced sexual violence by age (%),0.0,(0.0),0.0,0.1,Puducherry
4845.0,128.0,Tobacco Use and Alcohol Consumption among Adults (age 15 years and above),Women age 15 years and above who use any kind of tobacco (%),1.2,5.6,2.6,na,Puducherry
4846.0,129.0,Tobacco Use and Alcohol Consumption among Adults (age 15 years and above),Men age 15 years and above who use any kind of tobacco (%),13.8,17.3,14.8,na,Puducherry
4847.0,130.0,Tobacco Use and Alcohol Consumption among Adults (age 15 years and above),Women age 15 years and above who consume alcohol (%),0.1,0.5,0.3,na,Puducherry
4848.0,131.0,Tobacco Use and Alcohol Consumption among Adults (age 15 years and above),Men age 15 years and above who consume alcohol (%),26.7,30.1,27.7,na,Puducherry
