Indicators,sub indicators,NFHS-5 (2019-20),STATE/UT
Gender Based Violence (age 18-49 years),Ever-married women age 18-49 years who have ever experienced spousal violence (%),23.2,Andaman & Nicobar Islands
Gender Based Violence (age 18-49 years),Ever-married women age 18-49 years who have experienced physical violence during any pregnancy (%),(0.0),Andaman & Nicobar Islands
Gender Based Violence (age 18-49 years),Young women age 18-29 years who experienced sexual violence by age (%),1.4,Andaman & Nicobar Islands
Gender Based Violence (age 18-49 years),Ever-married women age 18-49 years who have ever experienced spousal violence (%),28.8,Andhra Pradesh
Gender Based Violence (age 18-49 years),Ever-married women age 18-49 years who have experienced physical violence during any pregnancy (%),3.5,Andhra Pradesh
Gender Based Violence (age 18-49 years),Young women age 18-29 years who experienced sexual violence by age (%),3.8,Andhra Pradesh
Gender Based Violence (age 18-49 years),Ever-married women age 18-49 years who have ever experienced spousal violence (%),26.6,Assam
Gender Based Violence (age 18-49 years),Ever-married women age 18-49 years who have experienced physical violence during any pregnancy (%),2.2,Assam
Gender Based Violence (age 18-49 years),Young women age 18-29 years who experienced sexual violence by age (%),7.4,Assam
Gender Based Violence (age 18-49 years),Ever-married women age 18-49 years who have ever experienced spousal violence (%),40.6,Bihar
Gender Based Violence (age 18-49 years),Ever-married women age 18-49 years who have experienced physical violence during any pregnancy (%),1.9,Bihar
Gender Based Violence (age 18-49 years),Young women age 18-29 years who experienced sexual violence by age (%),7.1,Bihar
Gender Based Violence (age 18-49 years),Ever-married women age 18-49 years who have ever experienced spousal violence (%),21.8,Dadra & Nagar Haveli and Daman & Diu
Gender Based Violence (age 18-49 years),Ever-married women age 18-49 years who have experienced physical violence during any pregnancy (%),1.3,Dadra & Nagar Haveli and Daman & Diu
Gender Based Violence (age 18-49 years),Young women age 18-29 years who experienced sexual violence by age (%),4.4,Dadra & Nagar Haveli and Daman & Diu
Gender Based Violence (age 18-49 years),Ever-married women age 18-49 years who have ever experienced spousal violence (%),6.0,Goa
Gender Based Violence (age 18-49 years),Ever-married women age 18-49 years who have experienced physical violence during any pregnancy (%),0.9,Goa
Gender Based Violence (age 18-49 years),Young women age 18-29 years who experienced sexual violence by age (%),1.6,Goa
Gender Based Violence (age 18-49 years),Ever-married women age 18-49 years who have ever experienced spousal violence (%),10.0,Gujarat
Gender Based Violence (age 18-49 years),Ever-married women age 18-49 years who have experienced physical violence during any pregnancy (%),2.2,Gujarat
Gender Based Violence (age 18-49 years),Young women age 18-29 years who experienced sexual violence by age (%),3.0,Gujarat
Gender Based Violence (age 18-49 years),Ever-married women age 18-49 years who have ever experienced spousal violence (%),6.0,Himachal Pradesh
Gender Based Violence (age 18-49 years),Ever-married women age 18-49 years who have experienced physical violence during any pregnancy (%),0.0,Himachal Pradesh
Gender Based Violence (age 18-49 years),Young women age 18-29 years who experienced sexual violence by age (%),0.0,Himachal Pradesh
Gender Based Violence (age 18-49 years),Ever-married women age 18-49 years who have ever experienced spousal violence (%),5.9,Jammu & Kashmir
Gender Based Violence (age 18-49 years),Ever-married women age 18-49 years who have experienced physical violence during any pregnancy (%),0.3,Jammu & Kashmir
Gender Based Violence (age 18-49 years),Young women age 18-29 years who experienced sexual violence by age (%),1.4,Jammu & Kashmir
Gender Based Violence (age 18-49 years),Ever-married women age 18-49 years who have ever experienced spousal violence (%),44.5,Karnataka
Gender Based Violence (age 18-49 years),Ever-married women age 18-49 years who have experienced physical violence during any pregnancy (%),4.9,Karnataka
Gender Based Violence (age 18-49 years),Young women age 18-29 years who experienced sexual violence by age (%),10.9,Karnataka
Gender Based Violence (age 18-49 years),Ever-married women age 18-49 years who have ever experienced spousal violence (%),9.9,Kerala
Gender Based Violence (age 18-49 years),Ever-married women age 18-49 years who have experienced physical violence during any pregnancy (%),0.5,Kerala
Gender Based Violence (age 18-49 years),Young women age 18-29 years who experienced sexual violence by age (%),1.8,Kerala
Gender Based Violence (age 18-49 years),Ever-married women age 18-49 years who have ever experienced spousal violence (%),1.0,Lakshadweep
Gender Based Violence (age 18-49 years),Ever-married women age 18-49 years who have experienced physical violence during any pregnancy (%),0.0,Lakshadweep
Gender Based Violence (age 18-49 years),Young women age 18-29 years who experienced sexual violence by age (%),1.0,Lakshadweep
Gender Based Violence (age 18-49 years),Ever-married women age 18-49 years who have ever experienced spousal violence (%),(11.7),Ladakh
Gender Based Violence (age 18-49 years),Ever-married women age 18-49 years who have experienced physical violence during any pregnancy (%),(0.0),Ladakh
Gender Based Violence (age 18-49 years),Young women age 18-29 years who experienced sexual violence by age (%),(6.1),Ladakh
Gender Based Violence (age 18-49 years),Ever-married women age 18-49 years who have ever experienced spousal violence (%),21.0,Maharashtra
Gender Based Violence (age 18-49 years),Ever-married women age 18-49 years who have experienced physical violence during any pregnancy (%),2.5,Maharashtra
Gender Based Violence (age 18-49 years),Young women age 18-29 years who experienced sexual violence by age (%),4.5,Maharashtra
Gender Based Violence (age 18-49 years),Ever-married women age 18-49 years who have ever experienced spousal violence (%),23.2,Meghalaya
Gender Based Violence (age 18-49 years),Ever-married women age 18-49 years who have experienced physical violence during any pregnancy (%),2.5,Meghalaya
Gender Based Violence (age 18-49 years),Young women age 18-29 years who experienced sexual violence by age (%),7.9,Meghalaya
Gender Based Violence (age 18-49 years),Ever-married women age 18-49 years who have ever experienced spousal violence (%),35.0,Manipur
Gender Based Violence (age 18-49 years),Ever-married women age 18-49 years who have experienced physical violence during any pregnancy (%),1.6,Manipur
Gender Based Violence (age 18-49 years),Young women age 18-29 years who experienced sexual violence by age (%),1.0,Manipur
Gender Based Violence (age 18-49 years),Ever-married women age 18-49 years who have ever experienced spousal violence (%),11.3,Mizoram
Gender Based Violence (age 18-49 years),Ever-married women age 18-49 years who have experienced physical violence during any pregnancy (%),0.9,Mizoram
Gender Based Violence (age 18-49 years),Young women age 18-29 years who experienced sexual violence by age (%),1.4,Mizoram
Gender Based Violence (age 18-49 years),Ever-married women age 18-49 years who have ever experienced spousal violence (%),5.2,Nagaland
Gender Based Violence (age 18-49 years),Ever-married women age 18-49 years who have experienced physical violence during any pregnancy (%),0.0,Nagaland
Gender Based Violence (age 18-49 years),Young women age 18-29 years who experienced sexual violence by age (%),2.4,Nagaland
Gender Based Violence (age 18-49 years),Ever-married women age 18-49 years who have ever experienced spousal violence (%),(13.1),Sikkim
Gender Based Violence (age 18-49 years),Ever-married women age 18-49 years who have experienced physical violence during any pregnancy (%),(0.4),Sikkim
Gender Based Violence (age 18-49 years),Young women age 18-29 years who experienced sexual violence by age (%),(3.2),Sikkim
Gender Based Violence (age 18-49 years),Ever-married women age 18-49 years who have ever experienced spousal violence (%),27.3,Telangana
Gender Based Violence (age 18-49 years),Ever-married women age 18-49 years who have experienced physical violence during any pregnancy (%),2.1,Telangana
Gender Based Violence (age 18-49 years),Young women age 18-29 years who experienced sexual violence by age (%),3.1,Telangana
Gender Based Violence (age 18-49 years),Ever-married women age 18-49 years who have ever experienced spousal violence (%),14.0,Tripura
Gender Based Violence (age 18-49 years),Ever-married women age 18-49 years who have experienced physical violence during any pregnancy (%),0.1,Tripura
Gender Based Violence (age 18-49 years),Young women age 18-29 years who experienced sexual violence by age (%),3.5,Tripura
Gender Based Violence (age 18-49 years),Ever-married women age 18-49 years who have ever experienced spousal violence (%),22.9,West Bengal
Gender Based Violence (age 18-49 years),Ever-married women age 18-49 years who have experienced physical violence during any pregnancy (%),2.3,West Bengal
Gender Based Violence (age 18-49 years),Young women age 18-29 years who experienced sexual violence by age (%),6.7,West Bengal
Gender Based Violence (age 18-49 years),Ever-married women age 18-49 years who have ever experienced spousal violence (%),24.2,India
Gender Based Violence (age 18-49 years),Ever-married women age 18-49 years who have experienced physical violence during any pregnancy (%),2.5,India
Gender Based Violence (age 18-49 years),Young women age 18-29 years who experienced sexual violence by age (%),1.1,India
Gender Based Violence (age 18-49 years),Ever-married women age 18-49 years who have ever experienced spousal violence (%),18.5,Arunachal Pradesh
Gender Based Violence (age 18-49 years),Ever-married women age 18-49 years who have experienced physical violence during any pregnancy (%),1.1,Arunachal Pradesh
Gender Based Violence (age 18-49 years),Young women age 18-29 years who experienced sexual violence by age (%),0.1,Arunachal Pradesh
Gender Based Violence (age 18-49 years),Ever-married women age 18-49 years who have ever experienced spousal violence (%),14.0,Chhattisgarh
Gender Based Violence (age 18-49 years),Ever-married women age 18-49 years who have experienced physical violence during any pregnancy (%),1.2,Chhattisgarh
Gender Based Violence (age 18-49 years),Young women age 18-29 years who experienced sexual violence by age (%),0.5,Chhattisgarh
Gender Based Violence (age 18-49 years),Ever-married women age 18-49 years who have ever experienced spousal violence (%),18.0,Haryana
Gender Based Violence (age 18-49 years),Ever-married women age 18-49 years who have experienced physical violence during any pregnancy (%),2.5,Haryana
Gender Based Violence (age 18-49 years),Young women age 18-29 years who experienced sexual violence by age (%),0.2,Haryana
Gender Based Violence (age 18-49 years),Ever-married women age 18-49 years who have ever experienced spousal violence (%),25.3,Jharkhand
Gender Based Violence (age 18-49 years),Ever-married women age 18-49 years who have experienced physical violence during any pregnancy (%),2.1,Jharkhand
Gender Based Violence (age 18-49 years),Young women age 18-29 years who experienced sexual violence by age (%),0.5,Jharkhand
Gender Based Violence (age 18-49 years),Ever-married women age 18-49 years who have ever experienced spousal violence (%),26.4,Madhya Pradesh
Gender Based Violence (age 18-49 years),Ever-married women age 18-49 years who have experienced physical violence during any pregnancy (%),2.8,Madhya Pradesh
Gender Based Violence (age 18-49 years),Young women age 18-29 years who experienced sexual violence by age (%),0.5,Madhya Pradesh
Gender Based Violence (age 18-49 years),Ever-married women age 18-49 years who have ever experienced spousal violence (%),30.6,Odisha
Gender Based Violence (age 18-49 years),Ever-married women age 18-49 years who have experienced physical violence during any pregnancy (%),2.1,Odisha
Gender Based Violence (age 18-49 years),Young women age 18-29 years who experienced sexual violence by age (%),0.6,Odisha
Gender Based Violence (age 18-49 years),Ever-married women age 18-49 years who have ever experienced spousal violence (%),10.2,Punjab
Gender Based Violence (age 18-49 years),Ever-married women age 18-49 years who have experienced physical violence during any pregnancy (%),1.4,Punjab
Gender Based Violence (age 18-49 years),Young women age 18-29 years who experienced sexual violence by age (%),0.0,Punjab
Gender Based Violence (age 18-49 years),Ever-married women age 18-49 years who have ever experienced spousal violence (%),22.4,Rajasthan
Gender Based Violence (age 18-49 years),Ever-married women age 18-49 years who have experienced physical violence during any pregnancy (%),1.8,Rajasthan
Gender Based Violence (age 18-49 years),Young women age 18-29 years who experienced sexual violence by age (%),0.0,Rajasthan
Gender Based Violence (age 18-49 years),Ever-married women age 18-49 years who have ever experienced spousal violence (%),32.9,Tamil Nadu
Gender Based Violence (age 18-49 years),Ever-married women age 18-49 years who have experienced physical violence during any pregnancy (%),3.3,Tamil Nadu
Gender Based Violence (age 18-49 years),Young women age 18-29 years who experienced sexual violence by age (%),0.0,Tamil Nadu
Gender Based Violence (age 18-49 years),Ever-married women age 18-49 years who have ever experienced spousal violence (%),32.7,Uttar Pradesh
Gender Based Violence (age 18-49 years),Ever-married women age 18-49 years who have experienced physical violence during any pregnancy (%),3.1,Uttar Pradesh
Gender Based Violence (age 18-49 years),Young women age 18-29 years who experienced sexual violence by age (%),0.6,Uttar Pradesh
Gender Based Violence (age 18-49 years),Ever-married women age 18-49 years who have ever experienced spousal violence (%),12.5,Uttarakhand
Gender Based Violence (age 18-49 years),Ever-married women age 18-49 years who have experienced physical violence during any pregnancy (%),2.4,Uttarakhand
Gender Based Violence (age 18-49 years),Young women age 18-29 years who experienced sexual violence by age (%),0.0,Uttarakhand
Gender Based Violence (age 18-49 years),Ever-married women age 18-49 years who have ever experienced spousal violence (%),9.7,Chandigarh
Gender Based Violence (age 18-49 years),Ever-married women age 18-49 years who have experienced physical violence during any pregnancy (%),0.0,Chandigarh
Gender Based Violence (age 18-49 years),Young women age 18-29 years who experienced sexual violence by age (%),*,Chandigarh
Gender Based Violence (age 18-49 years),Ever-married women age 18-49 years who have ever experienced spousal violence (%),22.8,NCT Delhi
Gender Based Violence (age 18-49 years),Ever-married women age 18-49 years who have experienced physical violence during any pregnancy (%),3.7,NCT Delhi
Gender Based Violence (age 18-49 years),Young women age 18-29 years who experienced sexual violence by age (%),1.6,NCT Delhi
Gender Based Violence (age 18-49 years),Ever-married women age 18-49 years who have ever experienced spousal violence (%),29.8,Puducherry
Gender Based Violence (age 18-49 years),Ever-married women age 18-49 years who have experienced physical violence during any pregnancy (%),1.3,Puducherry
Gender Based Violence (age 18-49 years),Young women age 18-29 years who experienced sexual violence by age (%),0.0,Puducherry
